pmid,doi,year,authors,title,journal,classifier_bucket,stem,already_in_original,on_disk,has_docling_md,in_consensus,has_administered_dose,disposition
23775255,10.1002/dev.21132,2014,Cobuzzi JL et al.,"Age differences in (±) 3,4-methylenedioxymethamphetamine (MDMA)-induced conditioned taste aversions and monoaminergic levels.",Developmental psychobiology,MDMA,cobuzzi2014,False,False,False,False,False,excluded_compound_filter_MDMA
23848221,10.1111/bph.12298,2014,Ignatowska-Jankowska BM et al.,In vivo characterization of the highly selective monoacylglycerol lipase inhibitor KML29: antinociceptive activity without cannabimimetic side effects.,British journal of pharmacology,Unclassified/possible false positive,ignatowskajankowska2014,False,False,False,False,False,excluded_classifier_false_positive
23958955,10.1038/mp.2013.97,2014,Lanteri C et al.,Repeated exposure to MDMA triggers long-term plasticity of noradrenergic and serotonergic neurons.,Molecular psychiatry,MDMA,lanteri2014,False,False,False,False,False,excluded_compound_filter_MDMA
24012617,10.1016/j.pnpbp.2013.08.013,2014,Dawson P et al.,The effects of benzofury (5-APB) on the dopamine transporter and 5-HT2-dependent vasoconstriction in the rat.,Progress in neuro-psychopharmacology & biological psychiatry,Unclassified/possible false positive,dawson2014,False,False,False,False,False,excluded_classifier_false_positive
24090638,10.1016/j.neuint.2013.09.015,2014,Saunders C et al.,Neuronal ablation of p-Akt at Ser473 leads to altered 5-HT1A/2A receptor function.,Neurochemistry international,Unclassified/possible false positive,saunders2014,False,False,False,False,False,excluded_classifier_false_positive
24102214,10.1111/bph.12410,2014,Ligresti A et al.,Prostamide F(2) α receptor antagonism combined with inhibition of FAAH may block the pro-inflammatory mediators formed following selective FAAH inhibition.,British journal of pharmacology,Unclassified/possible false positive,ligresti2014,False,False,False,False,False,excluded_classifier_false_positive
24121061,10.1016/j.pnpbp.2013.09.021,2014,Cox BM et al.,Behavioral and neurochemical effects of repeated MDMA administration during late adolescence in the rat.,Progress in neuro-psychopharmacology & biological psychiatry,MDMA,cox2014,False,False,False,False,False,excluded_compound_filter_MDMA
24141857,10.1124/dmd.113.053678,2014,Concheiro M et al.,"Nonlinear pharmacokinetics of (+/-)3,4-methylenedioxymethamphetamine (MDMA) and its pharmacodynamic consequences in the rat.",Drug metabolism and disposition: the biological fate of chem,MDMA,concheiro2014,False,False,False,False,False,excluded_compound_filter_MDMA
24142203,10.1007/s00213-013-3303-6,2014,Eshleman AJ et al.,"Behavioral and neurochemical pharmacology of six psychoactive substituted phenethylamines: mouse locomotion, rat drug discrimination and in vitro receptor and t",Psychopharmacology,Other serotonergic,eshleman2014,False,True,True,True,True,included_in_review
24158501,10.1007/s00213-013-3304-5,2014,Abad S et al.,"MDMA enhances hippocampal-dependent learning and memory under restrictive conditions, and modifies hippocampal spine density.",Psychopharmacology,MDMA,abad2014,False,False,False,False,False,excluded_compound_filter_MDMA
24269270,10.1016/j.bbr.2013.11.022,2014,Santini MA et al.,D-serine deficiency attenuates the behavioral and cellular effects induced by the hallucinogenic 5-HT(2A) receptor agonist DOI.,Behavioural brain research,Psychedelic (general),santini2014,False,True,True,True,True,included_in_review
24269663,10.1016/j.pnpbp.2013.11.007,2014,Polesel DN et al.,Anxiety-like effects of meta-chlorophenylpiperazine in paradoxically sleep-deprived mice.,Progress in neuro-psychopharmacology & biological psychiatry,Unclassified/possible false positive,polesel2014,False,False,False,False,False,excluded_classifier_false_positive
24303983,10.1111/bph.12540,2014,Okine BN et al.,A role for PPARα in the medial prefrontal cortex in formalin-evoked nociceptive responding in rats.,British journal of pharmacology,Unclassified/possible false positive,okine2014,False,False,False,False,False,excluded_classifier_false_positive
24315410,10.1016/j.biopsych.2013.11.005,2014,Sarkar A et al.,Postnatal fluoxetine-evoked anxiety is prevented by concomitant 5-HT2A/C receptor blockade and mimicked by postnatal 5-HT2A/C receptor stimulation.,Biological psychiatry,Other serotonergic,sarkar2014,False,True,True,True,True,included_in_review
24399204,10.1038/mtna.2013.67,2014,Stenler S et al.,"Micro-minicircle Gene Therapy: Implications of Size on Fermentation, Complexation, Shearing Resistance, and Expression.",Molecular therapy. Nucleic acids,Unclassified/possible false positive,stenler2014,False,False,False,False,False,excluded_classifier_false_positive
24418707,10.2131/jts.39.33,2014,Kaizaki A et al.,Maternal MDMA administration in mice leads to neonatal growth delay.,The Journal of toxicological sciences,MDMA,kaizaki2014,False,False,False,False,False,excluded_compound_filter_MDMA
24424411,10.7554/eLife.01385,2014,Ben-Ami Bartal I et al.,Pro-social behavior in rats is modulated by social experience.,eLife,Unclassified/possible false positive,benamibartal2014,False,False,False,False,False,excluded_classifier_false_positive
24456744,10.1016/j.neuropharm.2014.01.015,2014,Iversen L et al.,Designer psychostimulants: pharmacology and differences.,Neuropharmacology,Unclassified/possible false positive,iversen2014,False,False,False,False,False,excluded_classifier_false_positive
24534112,10.1016/j.neuropharm.2014.02.006,2014,Lee MY et al.,"N-acetylcysteine modulates hallucinogenic 5-HT(2A) receptor agonist-mediated responses: behavioral, molecular, and electrophysiological studies.",Neuropharmacology,Psychedelic (general),lee2014,False,True,True,True,True,included_in_review
24586556,10.1371/journal.pone.0089153,2014,Hazama K et al.,Increased behavioral and neuronal responses to a hallucinogenic drug in PACAP heterozygous mutant mice.,PloS one,Psychedelic (general),hazama2014,False,True,True,True,True,included_in_review
24597568,10.1111/bph.12671,2015,Wang WS et al.,Dorsal hippocampal NMDA receptor blockade impairs extinction of naloxone-precipitated conditioned place aversion in acute morphine-treated rats by suppressing E,British journal of pharmacology,Unclassified/possible false positive,wang2015,False,False,False,False,False,excluded_classifier_false_positive
24597632,10.1111/bph.12673,2015,Connor M et al.,β-Arrestin-2 knockout prevents development of cellular μ-opioid receptor tolerance but does not affect opioid-withdrawal-related adaptations in single PAG neuro,British journal of pharmacology,Unclassified/possible false positive,connor2015,False,False,False,False,False,excluded_classifier_false_positive
24628261,10.1111/bph.12687,2015,Bigliardi PL et al.,Activation of the δ-opioid receptor promotes cutaneous wound healing by affecting keratinocyte intercellular adhesion and migration.,British journal of pharmacology,Unclassified/possible false positive,bigliardi2015,False,False,False,False,False,excluded_classifier_false_positive
24637012,10.1074/mcp.M113.036558,2014,Karaki S et al.,Quantitative phosphoproteomics unravels biased phosphorylation of serotonin 2A receptor at Ser280 by hallucinogenic versus nonhallucinogenic agonists.,Molecular & cellular proteomics : MCP,Psychedelic (general),karaki2014,False,True,True,False,True,included_in_review
24641310,10.1111/bph.12692,2015,Simonson B et al.,"Pharmacology and anti-addiction effects of the novel κ opioid receptor agonist Mesyl Sal B, a potent and long-acting analogue of salvinorin A.",British journal of pharmacology,Unclassified/possible false positive,simonson2015,False,False,False,False,False,excluded_classifier_false_positive
24642413,10.7554/eLife.02109,2014,Abraham NM et al.,Long term functional plasticity of sensory inputs mediated by olfactory learning.,eLife,Unclassified/possible false positive,abraham2014,False,False,False,False,False,excluded_classifier_false_positive
24654568,10.1111/bph.12628,2014,Green AR et al.,The preclinical pharmacology of mephedrone; not just MDMA by another name.,British journal of pharmacology,MDMA,green2014,False,False,False,False,False,excluded_compound_filter_MDMA
24658541,10.1371/journal.pone.0092576,2014,Montagud-Romero S et al.,The novelty-seeking phenotype modulates the long-lasting effects of intermittent ethanol administration during adolescence.,PloS one,Unclassified/possible false positive,montagudromero2014,False,False,False,False,False,excluded_classifier_false_positive
24666365,10.1111/bph.12701,2015,Zhang Y et al.,Nociceptin/orphanin FQ peptide receptor antagonist JTC-801 reverses pain and anxiety symptoms in a rat model of post-traumatic stress disorder.,British journal of pharmacology,Unclassified/possible false positive,zhang2015,False,False,False,False,False,excluded_classifier_false_positive
24668171,10.7554/eLife.01982,2014,Modi MN et al.,CA1 cell activity sequences emerge after reorganization of network correlation structure during associative learning.,eLife,Unclassified/possible false positive,modi2014,False,False,False,False,False,excluded_classifier_false_positive
24675156,10.1016/j.bbr.2014.03.023,2014,Proietti Onori M et al.,"A behavioural test battery to investigate tic-like symptoms, stereotypies, attentional capabilities, and spontaneous locomotion in different mouse strains.",Behavioural brain research,Unclassified/possible false positive,proiettionori2014,False,False,False,False,False,excluded_classifier_false_positive
24680675,10.1016/j.neuropharm.2014.03.003,2014,Rangel-Barajas C et al.,Pharmacological modulation of abnormal involuntary DOI-induced head twitch response in male DBA/2J mice: I. Effects of D2/D3 and D2 dopamine receptor selective ,Neuropharmacology,"DOI (2,5-dimethoxy-4-iodoamphetamine)",rangel-barajas2014,False,True,True,True,True,included_in_review
24697498,10.1111/bph.12707,2014,Ginsburg BC & Lamb RJ,Drug effects on multiple and concurrent schedules of ethanol- and food-maintained behaviour: context-dependent selectivity.,British journal of pharmacology,Unclassified/possible false positive,ginsburg2014,False,False,False,False,False,excluded_classifier_false_positive
24704148,10.1016/j.neuropharm.2014.03.013,2014,Martin DA et al.,Chronic LSD alters gene expression profiles in the mPFC relevant to schizophrenia.,Neuropharmacology,LSD,martin2014,False,True,True,False,False,in_corpus_no_animal_dose
24730060,10.1111/bph.12500,2014,Wu CS et al.,Long-term consequences of perinatal fatty acid amino hydrolase inhibition.,British journal of pharmacology,Unclassified/possible false positive,wu2014,False,False,False,False,False,excluded_classifier_false_positive
24752593,10.1002/dev.21169,2014,Piper BJ et al.,Adolescent MDMA exposure diminishes the physiological and neurotoxic consequences of an MDMA binge in female rats.,Developmental psychobiology,MDMA,piper2014,False,False,False,False,False,excluded_compound_filter_MDMA
24763081,10.1017/S1461145714000455,2014,Chiu HY et al.,Long-lasting alterations in 5-HT2A receptor after a binge regimen of methamphetamine in mice.,The international journal of neuropsychopharmacology,Other serotonergic,chiu2014,False,True,True,True,True,included_in_review
24768641,10.1016/j.bbr.2014.04.021,2015,Dere E et al.,Gpm6b deficiency impairs sensorimotor gating and modulates the behavioral response to a 5-HT2A/C receptor agonist.,Behavioural brain research,Other serotonergic,dere2015,False,True,True,True,True,included_in_review
24785760,10.1177/0269881114531666,2014,Buchborn T et al.,Repeated lysergic acid diethylamide in an animal model of depression: Normalisation of learning behaviour and hippocampal serotonin 5-HT2 signalling.,"Journal of psychopharmacology (Oxford, England)",LSD,buchborn2014,False,True,True,True,True,included_in_review
24805080,10.1152/jn.00091.2014,2014,Nasse JS & Travers JB,Adrenoreceptor modulation of oromotor pathways in the rat medulla.,Journal of neurophysiology,Unclassified/possible false positive,nasse2014,False,False,False,False,False,excluded_classifier_false_positive
24821004,10.1111/bph.12753,2015,Granholm L et al.,"Single housing during early adolescence causes time-, area- and peptide-specific alterations in endogenous opioids of rat brain.",British journal of pharmacology,Unclassified/possible false positive,granholm2015,False,False,False,False,False,excluded_classifier_false_positive
24842997,10.7554/eLife.02265,2014,Tupal S et al.,Atoh1-dependent rhombic lip neurons are required for temporal delay between independent respiratory oscillators in embryonic mice.,eLife,Unclassified/possible false positive,tupal2014,False,False,False,False,False,excluded_classifier_false_positive
24889602,10.1073/pnas.1323287111,2014,Malkova NV et al.,Manganese-enhanced magnetic resonance imaging reveals increased DOI-induced brain activity in a mouse model of schizophrenia.,Proceedings of the National Academy of Sciences of the Unite,"DOI (2,5-dimethoxy-4-iodoamphetamine)",malkova2014,False,True,True,True,True,included_in_review
24894465,10.7554/eLife.02743,2014,Bergan JF et al.,Sex-specific processing of social cues in the medial amygdala.,eLife,Unclassified/possible false positive,bergan2014,False,False,False,False,False,excluded_classifier_false_positive
24903527,10.1111/bph.12801,2015,Wifling D et al.,Molecular determinants for the high constitutive activity of the human histamine H4 receptor: functional studies on orthologues and mutants.,British journal of pharmacology,Unclassified/possible false positive,wifling2015,False,False,False,False,False,excluded_classifier_false_positive
24904332,10.3389/fnbeh.2014.00180,2014,Rambousek L et al.,"The effect of psilocin on memory acquisition, retrieval, and consolidation in the rat.",Frontiers in behavioral neuroscience,Psilocybin/Psilocin,rambousek2014,False,True,True,True,True,included_in_review
24907590,10.1016/j.neuropharm.2014.05.037,2014,Hiyoshi T et al.,Differential effects of NMDA receptor antagonists at lower and higher doses on basal gamma band oscillation power in rat cortical electroencephalograms.,Neuropharmacology,Unclassified/possible false positive,hiyoshi2014,False,False,False,False,False,excluded_classifier_false_positive
24908272,10.1007/s00213-014-3642-y,2015,Mateos-García A et al.,Higher sensitivity to the conditioned rewarding effects of cocaine and MDMA in High-Novelty-Seekers mice exposed to a cocaine binge during adolescence.,Psychopharmacology,MDMA,mateosgarca2015,False,False,False,False,False,excluded_compound_filter_MDMA
24913308,10.1111/bph.12807,2015,Sasaki K et al.,Specific regions display altered grey matter volume in μ-opioid receptor knockout mice: MRI voxel-based morphometry.,British journal of pharmacology,Unclassified/possible false positive,sasaki2015,False,False,False,False,False,excluded_classifier_false_positive
24923251,10.1111/bph.12810,2015,Taylor AM et al.,Anti-nociception mediated by a κ opioid receptor agonist is blocked by a δ receptor agonist.,British journal of pharmacology,Unclassified/possible false positive,taylor2015,False,False,False,False,False,excluded_classifier_false_positive
24928616,10.1016/j.brainres.2014.06.004,2014,Yates JR et al.,Role of medial prefrontal and orbitofrontal monoamine transporters and receptors in performance in an adjusting delay discounting procedure.,Brain research,Unclassified/possible false positive,yates2014,False,False,False,False,False,excluded_classifier_false_positive
24985890,10.1007/s00213-014-3658-3,2015,Carbonaro TM et al.,"The role of 5-HT2A, 5-HT 2C and mGlu2 receptors in the behavioral effects of tryptamine hallucinogens N,N-dimethyltryptamine and N,N-diisopropyltryptamine in ra",Psychopharmacology,DMT; Other serotonergic; Psychedelic (general),carbonaro2015,False,True,True,True,True,included_in_review
25012236,10.1007/s00213-014-3657-4,2015,Wierońska JM et al.,The antipsychotic-like effects in rodents of the positive allosteric modulator Lu AF21934 involve 5-HT1A receptor signaling: mechanistic studies.,Psychopharmacology,Unclassified/possible false positive,wieroska2015,False,False,False,False,False,excluded_classifier_false_positive
25050816,10.1097/FBP.0000000000000065,2014,García-Pardo MP et al.,Effects of acute social stress on the conditioned place preference induced by MDMA in adolescent and adult mice.,Behavioural pharmacology,MDMA,garcapardo2014,False,False,False,False,False,excluded_compound_filter_MDMA
25073926,10.7554/eLife.03025,2014,Haga-Yamanaka S et al.,Integrated action of pheromone signals in promoting courtship behavior in male mice.,eLife,Unclassified/possible false positive,hagayamanaka2014,False,False,False,False,False,excluded_classifier_false_positive
25073927,10.7554/eLife.03061,2014,Siegle JH & Wilson MA,Enhancement of encoding and retrieval functions through theta phase-specific manipulation of hippocampus.,eLife,Unclassified/possible false positive,siegle2014,False,False,False,False,False,excluded_classifier_false_positive
25074640,10.1038/npp.2014.191,2015,Kiyatkin EA et al.,Effects of social interaction and warm ambient temperature on brain hyperthermia induced by the designer drugs methylone and MDPV.,Neuropsychopharmacology : official publication of the Americ,Unclassified/possible false positive,kiyatkin2015,False,False,False,False,False,excluded_classifier_false_positive
25096201,10.1007/s11011-014-9598-0,2015,Soleimani Asl S et al.,Attenuation of ecstasy-induced neurotoxicity by N-acetylcysteine.,Metabolic brain disease,MDMA,soleimaniasl2015,False,False,False,False,False,excluded_compound_filter_MDMA
25124230,10.1007/s12031-014-0399-z,2014,Edut S et al.,A study on the mechanism by which MDMA protects against dopaminergic dysfunction after minimal traumatic brain injury (mTBI) in mice.,Journal of molecular neuroscience : MN,MDMA,edut2014,False,False,False,False,False,excluded_compound_filter_MDMA
25127684,10.1016/j.bbr.2014.08.010,2014,Ball KT & Slane M,"Tolerance to the locomotor-activating effects of 3,4-methylenedioxymethamphetamine (MDMA) predicts escalation of MDMA self-administration and cue-induced reinst",Behavioural brain research,MDMA,ball2014,False,False,False,False,False,excluded_compound_filter_MDMA
25152052,10.14712/fb2014060040187,2014,Karimi S et al.,The effect of MDMA-induced anxiety on neuronal apoptosis in adult male rats' hippocampus.,Folia biologica,MDMA,karimi2014,False,False,False,False,False,excluded_compound_filter_MDMA
25155310,10.1007/s00213-014-3699-7,2015,Navarro SV et al.,Activation of serotonin 5-HT2A receptors inhibits high compulsive drinking on schedule-induced polydipsia.,Psychopharmacology,Other serotonergic,navarro2015,False,True,True,True,True,included_in_review
25224567,10.1007/s00213-014-3739-3,2015,Fantegrossi WE et al.,"Hallucinogen-like effects of 2-([2-(4-cyano-2,5-dimethoxyphenyl) ethylamino]methyl)phenol (25CN-NBOH), a novel N-benzylphenethylamine with 100-fold selectivity ",Psychopharmacology,Other serotonergic; Psychedelic (general),fantegrossi2015,False,True,True,True,True,included_in_review
25241352,10.1016/j.euroneuro.2014.08.007,2014,Kuteykin-Teplyakov K & Maldonado R,Looking for prosocial genes: ITRAQ analysis of proteins involved in MDMA-induced sociability in mice.,European neuropsychopharmacology : the journal of the Europe,MDMA,kuteykinteplyakov2014,False,False,False,False,False,excluded_compound_filter_MDMA
25256159,10.1016/j.beproc.2014.09.024,2014,Alvarenga TA et al.,Can Ayahuasca and sleep loss change sexual performance in male rats?,Behavioural processes,Ayahuasca,alvarenga2014,False,True,True,True,True,included_in_review
25271256,10.1124/jpet.114.219337,2014,Smith DA et al.,Tolerance and cross-tolerance to head twitch behavior elicited by phenethylamine- and tryptamine-derived hallucinogens in mice.,The Journal of pharmacology and experimental therapeutics,Other serotonergic; Psychedelic (general),smith2014,False,True,True,True,True,included_in_review
25288514,10.1007/s00213-014-3756-2,2015,Feng M et al.,Effects of central activation of serotonin 5-HT2A/2C or dopamine D 2/3 receptors on the acute and repeated effects of clozapine in the conditioned avoidance res,Psychopharmacology,Other serotonergic,feng2015,False,True,True,True,True,included_in_review
25296881,10.1111/bph.12969,2016,Wang XQ et al.,The endocannabinoid system regulates synaptic transmission in nucleus accumbens by increasing DAGL-α expression following short-term morphine withdrawal.,British journal of pharmacology,Unclassified/possible false positive,wang2016,False,False,False,False,False,excluded_classifier_false_positive
25300903,10.1007/s00213-014-3759-z,2015,Tao R et al.,"Mechanisms and environmental factors that underlying the intensification of 3,4-methylenedioxymethamphetamine (MDMA, Ecstasy)-induced serotonin syndrome in rats",Psychopharmacology,MDMA,tao2015,False,False,False,False,False,excluded_compound_filter_MDMA
25342005,10.1248/bpb.b14-00315,2015,Sakashita Y et al.,Effect of psilocin on extracellular dopamine and serotonin levels in the mesoaccumbens and mesocortical pathway in awake rats.,Biological & pharmaceutical bulletin,Psilocybin/Psilocin,sakashita2015,False,True,True,True,True,included_in_review
25370842,10.1093/toxsci/kfu222,2015,Lizarraga LE et al.,"Vesicular monoamine transporter 2 and the acute and long-term response to 3,4-(±)-methylenedioxymethamphetamine.",Toxicological sciences : an official journal of the Society ,MDMA,lizarraga2015,False,False,False,False,False,excluded_compound_filter_MDMA
25382136,10.1111/jnc.12988,2015,Fan LW et al.,Exposure to serotonin adversely affects oligodendrocyte development and myelination in vitro.,Journal of neurochemistry,Unclassified/possible false positive,fan2015,False,False,False,False,False,excluded_classifier_false_positive
25419515,10.1016/j.toxrep.2014.08.018,2014,Williams MT et al.,"Neuronal reorganization in adult rats neonatally exposed to (±)-3,4-methylenedioxymethamphetamine.",Toxicology reports,MDMA,williams2014,False,False,False,False,False,excluded_compound_filter_MDMA
25483484,10.4161/hv.29707,2014,Laurenzana EM et al.,Pharmacological effects of two anti-methamphetamine monoclonal antibodies. Supporting data for lead candidate selection for clinical development.,Human vaccines & immunotherapeutics,Unclassified/possible false positive,laurenzana2014,False,False,False,False,False,excluded_classifier_false_positive
25516122,10.1007/s12640-014-9510-z,2015,Ceci C et al.,Interaction between the endocannabinoid and serotonergic system in the exhibition of head twitch response in four mouse strains.,Neurotoxicity research,Unclassified/possible false positive,ceci2015,False,False,False,False,False,excluded_classifier_false_positive
25544687,10.1016/j.ejmech.2014.12.033,2015,Guillemyn K et al.,"Synthesis and biological evaluation of compact, conformationally constrained bifunctional opioid agonist - neurokinin-1 antagonist peptidomimetics.",European journal of medicinal chemistry,Unclassified/possible false positive,guillemyn2015,False,False,False,False,False,excluded_classifier_false_positive
25564489,10.1093/brain/awu342,2015,Desestret V et al.,A mouse model of autoimmune encephalitis.,Brain : a journal of neurology,Unclassified/possible false positive,desestret2015,False,False,False,False,False,excluded_classifier_false_positive
25580213,10.1039/c4sc01249f,2014,Pancholi J et al.,"Biologically targeted probes for Zn2+: a diversity oriented modular ""click-SNAr-click"" approach†Electronic supplementary information (ESI) available: Full exper",Chemical science,Unclassified/possible false positive,pancholi2014,False,False,False,False,False,excluded_classifier_false_positive
25619952,10.1016/j.physbeh.2015.01.023,2015,Rodríguez-Arias M et al.,The novelty-seeking phenotype modulates the long-lasting effects of adolescent MDMA exposure.,Physiology & behavior,MDMA,rodrguezarias2015,False,False,False,False,False,excluded_compound_filter_MDMA
25637859,10.1016/j.physbeh.2015.01.032,2015,Oliveira-Lima AJ et al.,Effects of ayahuasca on the development of ethanol-induced behavioral sensitization and on a post-sensitization treatment in mice.,Physiology & behavior,Ayahuasca,oliveira-lima2015,False,True,True,True,True,included_in_review
25656001,10.1016/j.jep.2015.01.029,2015,Noguerón-Merino MC et al.,Interactions of a standardized flavonoid fraction from Tilia americana with Serotoninergic drugs in elevated plus maze.,Journal of ethnopharmacology,Unclassified/possible false positive,noguernmerino2015,False,False,False,False,False,excluded_classifier_false_positive
25666313,10.1038/npp.2015.46,2015,Fink LH et al.,Individual Differences in Impulsive Action Reflect Variation in the Cortical Serotonin 5-HT2A Receptor System.,Neuropsychopharmacology : official publication of the Americ,Other serotonergic,fink2015,False,True,True,True,True,included_in_review
25724147,10.1016/j.brainresbull.2015.02.005,2015,Aguilar MA et al.,Cocaine enhances the conditioned rewarding effects of MDMA in adolescent mice.,Brain research bulletin,MDMA,aguilar2015,False,False,False,False,False,excluded_compound_filter_MDMA
25732836,10.1016/j.jep.2015.02.046,2015,Ueki T et al.,"Yokukansan, a traditional Japanese medicine, decreases head-twitch behaviors and serotonin 2A receptors in the prefrontal cortex of isolation-stressed mice.",Journal of ethnopharmacology,Unclassified/possible false positive,ueki2015,False,False,False,False,False,excluded_classifier_false_positive
25757377,10.1016/j.pbb.2015.03.001,2015,Schenk S & Bradbury S,Persistent sensitisation to the locomotor activating effects of MDMA following MDMA self-administration in rats.,"Pharmacology, biochemistry, and behavior",MDMA,schenk2015,False,False,False,False,False,excluded_compound_filter_MDMA
25826052,10.3390/toxins7041018,2015,Zhuk O et al.,Research on acute toxicity and the behavioral effects of methanolic extract from psilocybin mushrooms and psilocin in mice.,Toxins,Psilocybin/Psilocin,zhuk2015,False,True,True,True,True,included_in_review
25837935,10.1016/j.jphs.2015.02.006,2015,Yamazaki M et al.,Novel 5-HT5A receptor antagonists ameliorate scopolamine-induced working memory deficit in mice and reference memory impairment in aged rats.,Journal of pharmacological sciences,Unclassified/possible false positive,yamazaki2015,False,False,False,False,False,excluded_classifier_false_positive
25978789,10.1021/acschemneuro.5b00059,2015,Arunrungvichian K et al.,"Cognitive improvements in a mouse model with substituted 1,2,3-triazole agonists for nicotinic acetylcholine receptors.",ACS chemical neuroscience,Unclassified/possible false positive,arunrungvichian2015,False,False,False,False,False,excluded_classifier_false_positive
26011730,10.1021/acschemneuro.5b00099,2015,Canal CE et al.,An Orally Active Phenylaminotetralin-Chemotype Serotonin 5-HT7 and 5-HT1A Receptor Partial Agonist that Corrects Motor Stereotypy in Mouse Models.,ACS chemical neuroscience,Unclassified/possible false positive,canal2015,False,False,False,False,False,excluded_classifier_false_positive
26027065,,2015,Nakagawa T et al.,[Utility of organotypic raphe slice cultures to investigate the effects of psychotropic drugs on the function of serotoninergic neurons].,Nihon shinkei seishin yakurigaku zasshi = Japanese journal o,Unclassified/possible false positive,nakagawa2015,False,False,False,False,False,excluded_classifier_false_positive
26040600,10.1098/rsif.2015.0280,2015,Caulk AW et al.,Quantification of the passive and active biaxial mechanical behaviour and microstructural organization of rat thoracic ducts.,"Journal of the Royal Society, Interface",Unclassified/possible false positive,caulk2015,False,False,False,False,False,excluded_classifier_false_positive
26049017,10.1016/j.beproc.2015.05.004,2015,Pic-Taylor A et al.,Behavioural and neurotoxic effects of ayahuasca infusion (Banisteriopsis caapi and Psychotria viridis) in female Wistar rat.,Behavioural processes,Ayahuasca,pic-taylor2015,False,True,True,True,True,included_in_review
26051401,10.1016/j.neuropharm.2015.05.029,2015,Wischhof L et al.,Maternal lipopolysaccharide treatment differentially affects 5-HT(2A) and mGlu2/3 receptor function in the adult male and female rat offspring.,Neuropharmacology,Unclassified/possible false positive,wischhof2015,False,False,False,False,False,excluded_classifier_false_positive
26057859,10.1021/acs.jmedchem.5b00409,2015,Cogoi S et al.,Potent Apoptotic Response Induced by Chloroacetamidine Anthrathiophenediones in Bladder Cancer Cells.,Journal of medicinal chemistry,Unclassified/possible false positive,cogoi2015,False,False,False,False,False,excluded_classifier_false_positive
26061354,10.1097/FBP.0000000000000148,2015,Šlamberová R et al.,Effects of psychostimulants on social interaction in adult male rats.,Behavioural pharmacology,Unclassified/possible false positive,lamberov2015,False,False,False,False,False,excluded_classifier_false_positive
26074770,10.3389/fncel.2015.00200,2015,Narla C et al.,Suppression of piriform cortex activity in rat by corticotropin-releasing factor 1 and serotonin 2A/C receptors.,Frontiers in cellular neuroscience,Unclassified/possible false positive,narla2015,False,False,False,False,False,excluded_classifier_false_positive
26088184,10.1007/s11011-015-9691-z,2016,Adeniyi PA et al.,Neural and behavioural changes in male periadolescent mice after prolonged nicotine-MDMA treatment.,Metabolic brain disease,MDMA,adeniyi2016,False,False,False,False,False,excluded_compound_filter_MDMA
26093344,10.1016/j.pnpbp.2015.06.006,2015,García-Pardo MP et al.,Long-term effects of repeated social stress on the conditioned place preference induced by MDMA in mice.,Progress in neuro-psychopharmacology & biological psychiatry,MDMA,garcapardo2015,False,False,False,False,False,excluded_compound_filter_MDMA
26147001,10.1371/journal.pone.0130643,2015,Couch Y et al.,A Model of Post-Infection Fatigue Is Associated with Increased TNF and 5-HT2A Receptor Expression in Mice.,PloS one,Other serotonergic,couch2015,False,True,True,True,True,included_in_review
26171666,10.1111/bph.13243,2016,Godar SC et al.,The D1CT-7 mouse model of Tourette syndrome displays sensorimotor gating deficits in response to spatial confinement.,British journal of pharmacology,Unclassified/possible false positive,godar2016,False,False,False,False,False,excluded_classifier_false_positive
26192543,10.1016/j.neuropharm.2015.07.018,2015,Spain A et al.,Neurovascular and neuroimaging effects of the hallucinogenic serotonin receptor agonist psilocin in the rat brain.,Neuropharmacology,Psilocybin/Psilocin; Psychedelic (general),spain2015,False,False,False,False,False,excluded_classifier_off_topic
26230317,10.1371/journal.pone.0134776,2015,Verma M et al.,Correction: Chronic Anatabine Treatment Reduces Alzheimer's Disease (AD)-Like Pathology and Improves Socio-Behavioral Deficits in a Transgenic Mouse Model of AD,PloS one,Unclassified/possible false positive,verma2015,False,False,False,False,False,excluded_classifier_false_positive
26240749,10.1177/2045125314559539,2015,Baumeister D et al.,Legal highs: staying on top of the flood of novel psychoactive substances.,Therapeutic advances in psychopharmacology,Unclassified/possible false positive,baumeister2015,False,False,False,False,False,excluded_classifier_false_positive
26308742,10.1002/wcs.1308,2014,Redshaw J,Does metarepresentation make human mental time travel unique?,Wiley interdisciplinary reviews. Cognitive science,Unclassified/possible false positive,redshaw2014,False,False,False,False,False,excluded_classifier_false_positive
26318099,10.1016/j.neuropharm.2015.08.034,2015,Rickli A et al.,"Receptor interaction profiles of novel N-2-methoxybenzyl (NBOMe) derivatives of 2,5-dimethoxy-substituted phenethylamines (2C drugs).",Neuropharmacology,Other serotonergic,rickli2015,False,False,False,False,False,excluded_classifier_off_topic
26319117,10.1016/j.neuroscience.2015.08.045,2015,Spiacci A et al.,Serotonin in the dorsal periaqueductal gray inhibits panic-like defensive behaviors in rats exposed to acute hypoxia.,Neuroscience,Unclassified/possible false positive,spiacci2015,False,False,False,False,False,excluded_classifier_false_positive
26340513,10.1016/j.bbr.2015.08.018,2016,Kyzar EJ et al.,Effects of LSD on grooming behavior in serotonin transporter heterozygous (Sert⁺/⁻) mice.,Behavioural brain research,LSD,kyzar2016,False,True,True,True,True,included_in_review
26362361,10.1016/j.neuropharm.2015.09.004,2016,Marusich JA et al.,The new psychoactive substances 5-(2-aminopropyl)indole (5-IT) and 6-(2-aminopropyl)indole (6-IT) interact with monoamine transporters in brain tissue.,Neuropharmacology,Unclassified/possible false positive,marusich2016,False,False,False,False,False,excluded_classifier_false_positive
26371762,10.1038/tp.2015.138,2015,Young MB et al.,"3,4-Methylenedioxymethamphetamine facilitates fear extinction learning.",Translational psychiatry,MDMA,young2015,False,False,False,False,False,excluded_compound_filter_MDMA
26380122,10.1155/2015/846589,2015,Bazovkina DV et al.,Genotype-Dependent Difference in 5-HT2C Receptor-Induced Hypolocomotion: Comparison with 5-HT2A Receptor Functional Activity.,Neural plasticity,Other serotonergic,bazovkina2015,False,True,True,True,True,included_in_review
26415786,10.11138/fneur/2015.30.2.131,2015,Soleimani Asl S et al.,Sex differences in MDMA-induced toxicity in Sprague-Dawley rats.,Functional neurology,MDMA,soleimaniasl2015,False,False,False,False,False,excluded_compound_filter_MDMA
26428905,10.1016/j.expneurol.2015.09.016,2016,Alter SP et al.,Reduced vesicular monoamine transport disrupts serotonin signaling but does not cause serotonergic degeneration.,Experimental neurology,Unclassified/possible false positive,alter2016,False,False,False,False,False,excluded_classifier_false_positive
26455459,10.1016/j.pneurobio.2015.09.011,2017,Moratalla R et al.,Amphetamine-related drugs neurotoxicity in humans and in experimental animals: Main mechanisms.,Progress in neurobiology,Unclassified/possible false positive,moratalla2017,False,False,False,False,False,excluded_classifier_false_positive
26456305,10.1002/dta.1884,2016,Brandt SD et al.,Return of the lysergamides. Part I: Analytical and behavioural characterization of 1-propionyl-d-lysergic acid diethylamide (1P-LSD).,Drug testing and analysis,LSD,brandt2016,False,False,False,False,False,pdf_unavailable_relevant
26461483,10.1097/FBP.0000000000000198,2016,Tylš F et al.,Sex differences and serotonergic mechanisms in the behavioural effects of psilocin.,Behavioural pharmacology,Psilocybin/Psilocin,tyl2016,False,False,False,False,False,pdf_unavailable_relevant
26472268,10.1111/bph.13343,2016,Zemdegs J et al.,High-fat diet-induced metabolic disorders impairs 5-HT function and anxiety-like behavior in mice.,British journal of pharmacology,Unclassified/possible false positive,zemdegs2016,False,False,False,False,False,excluded_classifier_false_positive
26493129,10.1111/bph.13367,2016,Alexandre EC et al.,Mirabegron relaxes urethral smooth muscle by a dual mechanism involving β3 -adrenoceptor activation and α1 -adrenoceptor blockade.,British journal of pharmacology,Unclassified/possible false positive,alexandre2016,False,False,False,False,False,excluded_classifier_false_positive
26566284,10.1371/journal.pone.0142978,2015,Johansson EM et al.,Reduced Contextual Discrimination following Alcohol Consumption or MDMA Administration in Mice.,PloS one,MDMA,johansson2015,False,False,False,False,False,excluded_compound_filter_MDMA
26612383,10.1016/j.euroneuro.2015.11.001,2016,Shih JH et al.,Evaluation of brain SERT occupancy by resveratrol against MDMA-induced neurobiological and behavioral changes in rats: A 4-[¹⁸F]-ADAM/small-animal PET study.,European neuropsychopharmacology : the journal of the Europe,MDMA,shih2016,False,False,False,False,False,excluded_compound_filter_MDMA
26716991,10.1371/journal.pone.0145840,2015,Favaro VM et al.,Effects of Long-Term Ayahuasca Administration on Memory and Anxiety in Rats.,PloS one,Ayahuasca,favaro2015,False,True,True,True,True,included_in_review
26780349,10.1016/j.pbb.2016.01.005,2016,Halberstadt AL,"Behavioral and pharmacokinetic interactions between monoamine oxidase inhibitors and the hallucinogen 5-methoxy-N,N-dimethyltryptamine.","Pharmacology, biochemistry, and behavior",DMT; 5-MeO-DMT; Psychedelic (general),halberstadt2016,False,True,True,True,True,included_in_review
26796595,10.1016/j.drugalcdep.2015.12.016,2016,Nawata Y et al.,Prevention of drug priming- and cue-induced reinstatement of MDMA-seeking behaviors by the CB1 cannabinoid receptor antagonist AM251.,Drug and alcohol dependence,MDMA,nawata2016,False,False,False,False,False,excluded_compound_filter_MDMA
26801978,10.1186/s12993-016-0088-x,2016,Niu L et al.,Erratum to: Feasibility of focal cerebral ischemia and reperfusion surgery combined with chronic unpredictable mild stress to simulate the post-stroke depressiv,Behavioral and brain functions : BBF,Unclassified/possible false positive,niu2016,False,False,False,False,False,excluded_classifier_false_positive
26844428,10.1038/nprot.2016.014,2016,Szczurkowska J et al.,Targeted in vivo genetic manipulation of the mouse or rat brain by in utero electroporation with a triple-electrode probe.,Nature protocols,Unclassified/possible false positive,szczurkowska2016,False,False,False,False,False,excluded_classifier_false_positive
26856854,10.1007/s00213-016-4226-9,2016,Aronsen D & Schenk S,MDMA self-administration fails to alter the behavioral response to 5-HT(1A) and 5-HT(1B) agonists.,Psychopharmacology,MDMA,aronsen2016,False,False,False,False,False,excluded_compound_filter_MDMA
26868970,10.1016/j.neuroscience.2016.01.069,2016,Inaba A et al.,Neuropeptide Y signaling in the dorsal raphe nucleus inhibits male sexual behavior in mice.,Neuroscience,Unclassified/possible false positive,inaba2016,False,False,False,False,False,excluded_classifier_false_positive
26875756,10.1007/s00213-016-4237-6,2016,Gatch MB & Forster MJ,Δ(9)-Tetrahydrocannabinol-like effects of novel synthetic cannabinoids in mice and rats.,Psychopharmacology,Unclassified/possible false positive,gatch2016,False,False,False,False,False,excluded_classifier_false_positive
26921771,10.1016/j.neuropharm.2016.02.020,2016,Xu C et al.,Orbitofrontal cortex 5-HT2A receptor mediates chronic stress-induced depressive-like behaviors and alterations of spine density and Kalirin7.,Neuropharmacology,Other serotonergic,xu2016,False,True,True,True,True,included_in_review
27004983,10.1111/bph.13484,2016,Kulikova EA et al.,Alterations in pharmacological and behavioural responses in recombinant mouse line with an increased predisposition to catalepsy: role of the 5-HT1A receptor.,British journal of pharmacology,Unclassified/possible false positive,kulikova2018b,False,True,False,False,False,in_corpus_no_animal_dose
27025511,10.1007/s11011-016-9821-2,2016,Alharbi WD & Azmat A,Pharmacological evidence of neuro-pharmacological activity of Acacia tortilis leaves in mice.,Metabolic brain disease,Unclassified/possible false positive,alharbi2016,False,False,False,False,False,excluded_classifier_false_positive
27035422,10.1021/acs.jmedchem.5b01976,2016,Guillemyn K et al.,Bifunctional Peptide-Based Opioid Agonist-Nociceptin Antagonist Ligands for Dual Treatment of Acute and Neuropathic Pain.,Journal of medicinal chemistry,Unclassified/possible false positive,guillemyn2016,False,False,False,False,False,excluded_classifier_false_positive
27054178,10.1016/j.dib.2016.03.029,2016,Leite IS et al.,Effect of diazepam on sociability of rats submitted to neonatal seizures.,Data in brief,Unclassified/possible false positive,leite2016,False,False,False,False,False,excluded_classifier_false_positive
27067624,10.1016/j.ijdevneu.2016.04.001,2016,Macúchová E et al.,How various drugs affect anxiety-related behavior in male and female rats prenatally exposed to methamphetamine.,International journal of developmental neuroscience : the of,Unclassified/possible false positive,macchov2016,False,False,False,False,False,excluded_classifier_false_positive
27083855,10.1016/j.pnpbp.2016.04.004,2016,Páleníček T et al.,"Emerging toxicity of 5,6-methylenedioxy-2-aminoindane (MDAI): Pharmacokinetics, behaviour, thermoregulation and LD50 in rats.",Progress in neuro-psychopharmacology & biological psychiatry,Unclassified/possible false positive,plenek2016,False,False,False,False,False,excluded_classifier_false_positive
27245781,10.1111/bph.13530,2017,Calvez J et al.,Sex-specific effects of relaxin-3 on food intake and body weight gain.,British journal of pharmacology,Unclassified/possible false positive,calvez2017,False,False,False,False,False,excluded_classifier_false_positive
27257032,10.1177/0269881116650408,2016,Shortall SE et al.,Caffeine alters the behavioural and body temperature responses to mephedrone without causing long-term neurotoxicity in rats.,"Journal of psychopharmacology (Oxford, England)",Unclassified/possible false positive,shortall2016,False,False,False,False,False,excluded_classifier_false_positive
27258156,10.1371/journal.pone.0157202,2016,Yang EJ et al.,Correction: Early Behavioral Abnormalities and Perinatal Alterations of PTEN/AKT Pathway in Valproic Acid Autism Model Mice.,PloS one,Unclassified/possible false positive,yang2016,False,False,False,False,False,excluded_classifier_false_positive
27264435,10.1016/j.pbb.2016.06.002,2016,Schenk S et al.,Serotonin antagonists fail to alter MDMA self-administration in rats.,"Pharmacology, biochemistry, and behavior",MDMA,schenk2016,False,False,False,False,False,excluded_compound_filter_MDMA
27265891,10.1002/dta.1985,2017,Brandt SD et al.,"Return of the lysergamides. Part II: Analytical and behavioural characterization of N6 -allyl-6-norlysergic acid diethylamide (AL-LAD) and (2'S,4'S)-lysergic ac",Drug testing and analysis,LSD,brandt2017,False,False,False,False,False,excluded_classifier_off_topic
27301718,10.1289/EHP141,2016,Lulla A et al.,Neurotoxicity of the Parkinson Disease-Associated Pesticide Ziram Is Synuclein-Dependent in Zebrafish Embryos.,Environmental health perspectives,Unclassified/possible false positive,lulla2016,False,False,False,False,False,excluded_classifier_false_positive
27317020,10.1007/s00213-016-4356-0,2016,Franke RT et al.,2-Bromoterguride-a potential atypical antipsychotic drug without metabolic effects in rats.,Psychopharmacology,Unclassified/possible false positive,franke2016,False,False,False,False,False,excluded_classifier_false_positive
27373168,10.1016/j.neuro.2016.06.014,2016,García-Cabrerizo R & García-Fuster MJ,Comparative effects of amphetamine-like psychostimulants on rat hippocampal cell genesis at different developmental ages.,Neurotoxicology,Unclassified/possible false positive,garcacabrerizo2016,False,False,False,False,False,excluded_classifier_false_positive
27384154,10.1289/EHP258,2017,Beaudin SA et al.,Early Postnatal Manganese Exposure Causes Lasting Impairment of Selective and Focused Attention and Arousal Regulation in Adult Rats.,Environmental health perspectives,Unclassified/possible false positive,beaudin2017,False,False,False,False,False,excluded_classifier_false_positive
27465045,10.1016/j.neuropharm.2016.06.025,2017,Woźniak M et al.,Neurochemical and behavioral studies on the 5-HT1A-dependent antipsychotic action of the mGlu4 receptor agonist LSP4-2022.,Neuropharmacology,Unclassified/possible false positive,woniak2017,False,False,False,False,False,excluded_classifier_false_positive
27484868,10.1016/j.neubiorev.2016.07.026,2016,Spear LP,Consequences of adolescent use of alcohol and other drugs: Studies using rodent models.,Neuroscience and biobehavioral reviews,Unclassified/possible false positive,spear2016,False,False,False,False,False,excluded_classifier_false_positive
27501227,10.3791/53717,2016,Holloway T et al.,HSV-Mediated Transgene Expression of Chimeric Constructs to Study Behavioral Function of GPCR Heteromers in Mice.,Journal of visualized experiments : JoVE,Unclassified/possible false positive,holloway2016,False,False,False,False,False,excluded_classifier_false_positive
27566288,10.1016/j.pbb.2016.08.004,2017,Lazenka MF et al.,"Sex differences in abuse-related neurochemical and behavioral effects of 3,4-methylenedioxymethamphetamine (MDMA) in rats.","Pharmacology, biochemistry, and behavior",MDMA,lazenka2017,False,False,False,False,False,excluded_compound_filter_MDMA
27582415,10.1002/wcs.1411,2016,Hok V et al.,Spatial cognition in mice and rats: similarities and differences in brain and behavior.,Wiley interdisciplinary reviews. Cognitive science,Unclassified/possible false positive,hok2016,False,False,False,False,False,excluded_classifier_false_positive
27597467,10.1111/bph.13564,2017,Kumar JR et al.,Relaxin' the brain: a case for targeting the nucleus incertus network and relaxin-3/RXFP3 system in neuropsychiatric disorders.,British journal of pharmacology,Unclassified/possible false positive,kumar2017,False,False,False,False,False,excluded_classifier_false_positive
27619419,10.1085/jgp.201611622,2016,Pietra G et al.,The Ca2+-activated Cl- channel TMEM16B regulates action potential firing and axonal targeting in olfactory sensory neurons.,The Journal of general physiology,Unclassified/possible false positive,pietra2016,False,False,False,False,False,excluded_classifier_false_positive
27706905,10.1002/iub.1570,2016,Chunhua M et al.,Retracted: Umbelliferone reverses depression-like behavior in chronic unpredictable mild stress-induced mice via RIP140/NF-κB pathway.,IUBMB life,Unclassified/possible false positive,chunhua2016,False,False,False,False,False,excluded_classifier_false_positive
27734956,10.1038/srep35320,2016,Griebel G et al.,"The mGluR2 positive allosteric modulator, SAR218645, improves memory and attention deficits in translational models of cognitive symptoms associated with schizo",Scientific reports,Unclassified/possible false positive,griebel2016,False,False,False,False,False,excluded_classifier_false_positive
27768768,10.1371/journal.pone.0165578,2016,Unknown,Correction: Do Laboratory Mouse Females that Lose Their Litters Behave Differently around Parturition?,PloS one,Unclassified/possible false positive,unknown2016,False,False,False,False,False,excluded_classifier_false_positive
27816502,10.1016/j.neuropharm.2016.11.001,2017,Rangel-Barajas C et al.,"Dysregulated corticostriatal activity in open-field behavior and the head-twitch response induced by the hallucinogen 2,5-dimethoxy-4-iodoamphetamine.",Neuropharmacology,"DOI (2,5-dimethoxy-4-iodoamphetamine); Psychedelic (general)",rangel-barajas2017,False,True,True,True,True,included_in_review
27826121,10.1016/j.pbb.2016.11.001,2016,Olsen RA et al.,"Differential effects of 3,4-methylenedioxymethamphetamine, methamphetamine, meta-Chlorophenylpiperazine, and scopolamine on behavioral repetition versus variati","Pharmacology, biochemistry, and behavior",MDMA,olsen2016,False,False,False,False,False,excluded_compound_filter_MDMA
27840246,10.1016/j.bbr.2016.11.012,2017,García-Pardo MP et al.,Cognitive and behavioural effects induced by social stress plus MDMA administration in mice.,Behavioural brain research,MDMA,garcapardo2017,False,False,False,False,False,excluded_compound_filter_MDMA
27989838,10.1016/j.phrs.2016.10.023,2016,Caputi FF et al.,"Opioid gene expression changes and post-translational histone modifications at promoter regions in the rat nucleus accumbens after acute and repeated 3,4-methyl",Pharmacological research,MDMA,caputi2016,False,False,False,False,False,excluded_compound_filter_MDMA
28073060,10.1016/j.pharep.2016.10.006,2017,Budzynska B et al.,Acute behavioral effects of co-administration of mephedrone and MDMA in mice.,Pharmacological reports : PR,MDMA,budzynska2017,False,False,False,False,False,excluded_compound_filter_MDMA
28097374,10.1007/s00213-017-4529-5,2017,Fletcher PJ et al.,"Effects of 5-HT1A, 5-HT2A and 5-HT2C receptor agonists and antagonists on responding for a conditioned reinforcer and its enhancement by methylphenidate.",Psychopharmacology,Other serotonergic,fletcher2017,False,True,True,True,True,included_in_review
28161890,10.1111/bph.13737,2018,Moutal A et al.,Homology-guided mutational analysis reveals the functional requirements for antinociceptive specificity of collapsin response mediator protein 2-derived peptide,British journal of pharmacology,Unclassified/possible false positive,moutal2018,False,False,False,False,False,excluded_classifier_false_positive
28181668,10.1002/jcp.25847,2017,Tajiri N et al.,"NSI-189, a small molecule with neurogenic properties, exerts behavioral, and neurostructural benefits in stroke rats.",Journal of cellular physiology,Unclassified/possible false positive,tajiri2017,False,False,False,False,False,excluded_classifier_false_positive
28192174,10.1016/j.pnpbp.2017.02.009,2017,van den Buuse M et al.,Does genetic BDNF deficiency in rats interact with neurotransmitter control of prepulse inhibition? Implications for schizophrenia.,Progress in neuro-psychopharmacology & biological psychiatry,Unclassified/possible false positive,vandenbuuse2017,False,False,False,False,False,excluded_classifier_false_positive
28224459,10.1007/7854_2016_466,2018,Halberstadt AL & Geyer MA,Effect of Hallucinogens on Unconditioned Behavior.,Current topics in behavioral neurosciences,Psychedelic (general),halberstadt2018,False,False,False,False,False,excluded_classifier_off_topic
28264149,10.1111/bph.13769,2018,Mineur YS et al.,Hippocampal α7 nicotinic ACh receptors contribute to modulation of depression-like behaviour in C57BL/6J mice.,British journal of pharmacology,Unclassified/possible false positive,mineur2018,False,False,False,False,False,excluded_classifier_false_positive
28347772,10.1016/j.ejps.2017.03.029,2017,Starnowska J et al.,Bifunctional opioid/nociceptin hybrid KGNOP1 effectively attenuates pain-related behaviour in a rat model of neuropathy.,European journal of pharmaceutical sciences : official journ,Unclassified/possible false positive,starnowska2017,False,False,False,False,False,excluded_classifier_false_positive
28360333,10.1124/jpet.117.239905,2017,Jensen AA et al.,"Detailed Characterization of the In Vitro Pharmacological and Pharmacokinetic Properties of N-(2-Hydroxybenzyl)-2,5-Dimethoxy-4-Cyanophenylethylamine (25CN-NBOH",The Journal of pharmacology and experimental therapeutics,Other serotonergic,jensen2017,False,False,False,False,False,excluded_classifier_off_topic
28369738,10.1111/bph.13808,2018,Pellissier LP et al.,"μ opioid receptor, social behaviour and autism spectrum disorder: reward matters.",British journal of pharmacology,Unclassified/possible false positive,pellissier2018,False,False,False,False,False,excluded_classifier_false_positive
28386520,,2017,Ebrahimian Z et al.,"Behavioral and Stereological Analysis of the Effects of Intermittent Feeding Diet on the Orally Administrated MDMA (""ecstasy"") in Mice.",Innovations in clinical neuroscience,MDMA,ebrahimian2017,False,False,False,False,False,excluded_compound_filter_MDMA
28432778,10.1111/bph.13826,2017,Robbins TW,Cross-species studies of cognition relevant to drug discovery: a translational approach.,British journal of pharmacology,Unclassified/possible false positive,robbins2017,False,False,False,False,False,excluded_classifier_false_positive
28441431,10.1371/journal.pone.0176788,2017,Unknown,Correction: Maternal Separation Impairs Cocaine-Induced Behavioural Sensitization in Adolescent Mice.,PloS one,Unclassified/possible false positive,unknown2017,False,False,False,False,False,excluded_classifier_false_positive
28472632,10.1016/j.bbr.2017.04.052,2017,Mouri A et al.,"The involvement of brain-derived neurotrophic factor in 3,4-methylenedioxymethamphetamine-induced place preference and behavioral sensitization.",Behavioural brain research,MDMA,mouri2017,False,False,False,False,False,excluded_compound_filter_MDMA
28475491,10.1088/1361-6560/aa7171,2017,Kyme AZ et al.,Open-field mouse brain PET: design optimisation and detector characterisation.,Physics in medicine and biology,Unclassified/possible false positive,kyme2017,False,False,False,False,False,excluded_classifier_false_positive
28484705,10.1155/2017/8952079,2017,Herrera-Pérez JJ et al.,"Corrigendum to ""Young-Adult Male Rats' Vulnerability to Chronic Mild Stress Is Reflected by Anxious-Like instead of Depressive-Like Behaviors"".",Neuroscience journal,Unclassified/possible false positive,herreraprez2017,False,False,False,False,False,excluded_classifier_false_positive
28546314,10.1523/JNEUROSCI.3781-16.2017,2017,Natarajan R et al.,Chronic-Stress-Induced Behavioral Changes Associated with Subregion-Selective Serotonin Cell Death in the Dorsal Raphe.,The Journal of neuroscience : the official journal of the So,Unclassified/possible false positive,natarajan2017,False,False,False,False,False,excluded_classifier_false_positive
28585392,10.1002/dta.2222,2018,Brandt SD et al.,Return of the lysergamides. Part IV: Analytical and pharmacological characterization of lysergic acid morpholide (LSM-775).,Drug testing and analysis,LSD,brandt2018,False,False,False,False,False,excluded_classifier_off_topic
28591379,10.1590/1414-431X20176036,2017,Correa-Netto NF et al.,An ontogenic study of the behavioral effects of chronic intermittent exposure to ayahuasca in mice.,Brazilian journal of medical and biological research = Revis,Ayahuasca,correanetto2017,False,True,True,True,True,included_in_review
28591380,10.1590/1414-431X20176037,2017,Correa-Netto NF et al.,Chronic intermittent exposure to ayahuasca during aging does not affect memory in mice.,Brazilian journal of medical and biological research = Revis,Ayahuasca,correanetto2017,False,True,True,True,True,included_in_review
28598863,10.1097/FBP.0000000000000310,2017,Berquist MD & Baker LE,"Characterization of the discriminative stimulus effects of 3,4-methylenedioxypyrovalerone in male Sprague-Dawley rats.",Behavioural pharmacology,Unclassified/possible false positive,berquist2017,False,False,False,False,False,excluded_classifier_false_positive
28603026,10.1016/j.neuropharm.2017.06.008,2017,Cadoni C et al.,Widespread reduction of dopamine cell bodies and terminals in adult rats exposed to a low dose regimen of MDMA during adolescence.,Neuropharmacology,MDMA,cadoni2017,False,False,False,False,False,excluded_compound_filter_MDMA
28616453,10.1016/j.dib.2017.05.043,2017,Chen M et al.,Reproducibility discrepancies following reanalysis of raw data for a previously published study on diisononyl phthalate (DINP) in rats.,Data in brief,Unclassified/possible false positive,chen2017,False,False,False,False,False,excluded_classifier_false_positive
28624893,10.1007/s11011-017-0051-z,2017,Hongyan L et al.,"LY294002, a PI3K inhibitor, attenuates Tourette syndrome in rats.",Metabolic brain disease,Unclassified/possible false positive,hongyan2017,False,False,False,False,False,excluded_classifier_false_positive
28701958,10.3389/fphar.2017.00423,2017,Dolder PC et al.,A Single Dose of LSD Does Not Alter Gene Expression of the Serotonin 2A Receptor Gene (HTR2A) or Early Growth Response Genes (EGR1-3) in Healthy Subjects.,Frontiers in pharmacology,LSD,dolder2017,False,False,False,False,False,excluded_no_behaviour_in_full_text
28720478,10.1016/j.neuropharm.2017.07.012,2018,Luethi D et al.,Monoamine receptor interaction profiles of 4-thio-substituted phenethylamines (2C-T drugs).,Neuropharmacology,Other serotonergic,luethi2018,False,False,False,False,False,excluded_classifier_off_topic
28741031,10.1007/s00213-017-4684-8,2017,Young MB et al.,"Inhibition of serotonin transporters disrupts the enhancement of fear memory extinction by 3,4-methylenedioxymethamphetamine (MDMA).",Psychopharmacology,MDMA,young2017,False,False,False,False,False,excluded_compound_filter_MDMA
28899017,10.1093/brain/awx142,2017,McGirr A et al.,Cortical functional hyperconnectivity in a mouse model of depression and selective network effects of ketamine.,Brain : a journal of neurology,Ketamine,mcgirr2017,False,False,False,False,False,excluded_classifier_off_topic
28934723,10.1289/EHP1443,2017,Dombret C et al.,Neural Mechanisms Underlying the Disruption of Male Courtship Behavior by Adult Exposure to Di(2-ethylhexyl) Phthalate in Mice.,Environmental health perspectives,Unclassified/possible false positive,dombret2017,False,False,False,False,False,excluded_classifier_false_positive
28967123,10.1111/bph.14060,2018,Almatroudi A et al.,"Antidepressant-like effects of BU10119, a novel buprenorphine analogue with mixed κ/μ receptor antagonist properties, in mice.",British journal of pharmacology,Unclassified/possible false positive,almatroudi2018,False,False,False,False,False,excluded_classifier_false_positive
28969375,10.1093/brain/awx201,2017,Weir GA et al.,Using an engineered glutamate-gated chloride channel to silence sensory neurons and treat neuropathic pain at the source.,Brain : a journal of neurology,Unclassified/possible false positive,weir2017,False,False,False,False,False,excluded_classifier_false_positive
28987938,10.1016/j.neuropharm.2017.10.004,2018,Di Giovanni G & De Deurwaerdère P,"TCB-2 [(7R)-3-bromo-2, 5-dimethoxy-bicyclo[4.2.0]octa-1,3,5-trien-7-yl]methanamine]: A hallucinogenic drug, a selective 5-HT2A receptor pharmacological tool, or",Neuropharmacology,Other serotonergic; Psychedelic (general),digiovanni2018,False,False,False,False,False,excluded_classifier_off_topic
29037912,10.1016/j.ijdevneu.2017.10.005,2018,Sood A et al.,"Early emergence of altered 5-HT2A receptor-evoked behavior, neural activation and gene expression following maternal separation.",International journal of developmental neuroscience : the of,Other serotonergic,sood2018,False,True,True,True,True,included_in_review
29053824,10.1093/brain/awx232,2017,Rorabaugh JM et al.,Chemogenetic locus coeruleus activation restores reversal learning in a rat model of Alzheimer's disease.,Brain : a journal of neurology,Unclassified/possible false positive,rorabaugh2017,False,False,False,False,False,excluded_classifier_false_positive
29124744,10.1111/bph.14088,2018,Maldonado R et al.,Usefulness of knockout mice to clarify the role of the opioid system in chronic pain.,British journal of pharmacology,Unclassified/possible false positive,maldonado2018,False,False,False,False,False,excluded_classifier_false_positive
29134560,10.1007/s12640-017-9831-9,2018,Górska AM et al.,Neurochemical and Neurotoxic Effects of MDMA (Ecstasy) and Caffeine After Chronic Combined Administration in Mice.,Neurotoxicity research,MDMA,grska2018,False,False,False,False,False,excluded_compound_filter_MDMA
29204126,10.3389/fpsyt.2017.00232,2017,Štefková K et al.,"Pharmacokinetic, Ambulatory, and Hyperthermic Effects of 3,4-Methylenedioxy-N-Methylcathinone (Methylone) in Rats.",Frontiers in psychiatry,Unclassified/possible false positive,tefkov2017,False,False,False,False,False,excluded_classifier_false_positive
29221792,10.1016/j.neuropharm.2017.11.049,2018,Riga MS et al.,The serotonin hallucinogen 5-MeO-DMT alters cortico-thalamic activity in freely moving mice: Regionally-selective involvement of 5-HT1A and 5-HT2A receptors.,Neuropharmacology,DMT; 5-MeO-DMT; Other serotonergic; Psychedelic (general),riga2018,False,True,True,False,True,excluded_no_behaviour_in_full_text
29266595,10.1002/hipo.22825,2018,Mlinar B & Corradetti R,Differential modulation of CA1 impulse flow by endogenous serotonin along the hippocampal longitudinal axis.,Hippocampus,Unclassified/possible false positive,mlinar2018,False,False,False,False,False,excluded_classifier_false_positive
29313985,10.1111/jnc.14289,2018,Xiong L et al.,Cocaine- and amphetamine-regulated transcript peptide in the nucleus accumbens shell inhibits cocaine-induced locomotor sensitization to transient over-expressi,Journal of neurochemistry,Unclassified/possible false positive,xiong2018,False,False,False,False,False,excluded_classifier_false_positive
29352309,10.1371/journal.pone.0191702,2018,Yoshizaki K et al.,Correction: Early postnatal vocalizations predict sociability and spatial memory in C57BL/6J mice: Individual differences in behavioral traits emerge early in d,PloS one,Unclassified/possible false positive,yoshizaki2018,False,False,False,False,False,excluded_classifier_false_positive
29375408,10.3389/fpsyt.2017.00306,2017,Šíchová K et al.,"Mephedrone (4-Methylmethcathinone): Acute Behavioral Effects, Hyperthermic, and Pharmacokinetic Profile in Rats.",Frontiers in psychiatry,Unclassified/possible false positive,chov2017,False,False,False,False,False,excluded_classifier_false_positive
29453444,10.1038/s41386-018-0013-0,2018,Belmer A et al.,Positive regulation of raphe serotonin neurons by serotonin 2B receptors.,Neuropsychopharmacology : official publication of the Americ,Unclassified/possible false positive,belmer2018,False,False,False,False,False,excluded_classifier_false_positive
29453997,10.1016/j.pbb.2018.02.002,2018,Martín-López M et al.,Effects of para-methoxyamphetamine (PMA) on agonistic encounters between male mice.,"Pharmacology, biochemistry, and behavior",Unclassified/possible false positive,martnlpez2018,False,False,False,False,False,excluded_classifier_false_positive
29457829,10.1111/bph.14165,2019,Whalley BJ et al.,Species-specific susceptibility to cannabis-induced convulsions.,British journal of pharmacology,Unclassified/possible false positive,whalley2019,False,False,False,False,False,excluded_classifier_false_positive
29472863,10.3389/fphar.2018.00089,2018,Marek GJ & Ramos BP,β2-Adrenergic Receptor Activation Suppresses the Rat Phenethylamine Hallucinogen-Induced Head Twitch Response: Hallucinogen-Induced Excitatory Post-synaptic Pot,Frontiers in pharmacology,Other serotonergic; Psychedelic (general),marek2018,False,True,True,True,True,included_in_review
29488218,10.1111/bph.14179,2018,Antoniadou I et al.,Ebselen has lithium-like effects on central 5-HT2A receptor function.,British journal of pharmacology,Other serotonergic,antoniadou2018,False,False,False,False,False,excluded_classifier_off_topic
29499272,10.1016/j.neuropharm.2018.02.028,2018,Klein LM et al.,"Receptor binding profiles and behavioral pharmacology of ring-substituted N,N-diallyltryptamine analogs.",Neuropharmacology,Unclassified/possible false positive,klein2018,False,False,False,False,False,excluded_classifier_false_positive
29501528,10.1016/j.neuropharm.2018.02.033,2018,Elmore JS et al.,"Comparative neuropharmacology of N-(2-methoxybenzyl)-2,5-dimethoxyphenethylamine (NBOMe) hallucinogens and their 2C counterparts in male rats.",Neuropharmacology,Other serotonergic; Psychedelic (general),elmore2018,False,True,True,True,True,included_in_review
29524334,10.1111/bph.14199,2018,Dietis N et al.,In vitro and in vivo characterization of the bifunctional μ and δ opioid receptor ligand UFP-505.,British journal of pharmacology,Unclassified/possible false positive,dietis2018,False,False,False,False,False,excluded_classifier_false_positive
29535650,10.3389/fpsyt.2018.00055,2018,Elmore JS & Baumann MH,"Repeated Exposure to the ""Spice"" Cannabinoid JWH-018 Induces Tolerance and Enhances Responsiveness to 5-HT1A Receptor Stimulation in Male Rats.",Frontiers in psychiatry,Unclassified/possible false positive,elmore2018b,False,True,False,False,False,in_corpus_no_animal_dose
29560525,10.1007/s00213-018-4880-1,2018,Brox BW & Ellenbroek BA,A genetic reduction in the serotonin transporter differentially influences MDMA and heroin induced behaviours.,Psychopharmacology,MDMA,brox2018,False,False,False,False,False,excluded_compound_filter_MDMA
29608652,10.1093/brain/awy081,2018,Song H et al.,Targeting Gpr52 lowers mutant HTT levels and rescues Huntington's disease-associated phenotypes.,Brain : a journal of neurology,Unclassified/possible false positive,song2018,False,False,False,False,False,excluded_classifier_false_positive
29664276,10.1021/acschemneuro.8b00134,2018,Cameron LP et al.,"Effects of N, N-Dimethyltryptamine on Rat Behaviors Relevant to Anxiety and Depression.",ACS chemical neuroscience,DMT,cameron2018,False,True,True,True,True,included_in_review
29755349,10.3389/fphar.2018.00374,2018,González J et al.,"Ibogaine Acute Administration in Rats Promotes Wakefulness, Long-Lasting REM Sleep Suppression, and a Distinctive Motor Profile.",Frontiers in pharmacology,Ibogaine,gonzález2018,False,True,True,True,True,included_in_review
29762664,10.1093/ijnp/pyy044,2018,McFadden LM et al.,Behavioral and Serotonergic Changes in the Frontal Cortex Following Methamphetamine Self-Administration.,The international journal of neuropsychopharmacology,Unclassified/possible false positive,mcfadden2018,False,False,False,False,False,excluded_classifier_false_positive
29847859,10.1111/bph.14376,2019,Rea K et al.,The prefrontal cortical endocannabinoid system modulates fear-pain interactions in a subregion-specific manner.,British journal of pharmacology,Unclassified/possible false positive,rea2019,False,False,False,False,False,excluded_classifier_false_positive
29909719,10.1177/0269881118780613,2018,Dolan SB et al.,"Impure but not inactive: Behavioral pharmacology of dibenzylpiperazine, a common by-product of benzylpiperazine synthesis.","Journal of psychopharmacology (Oxford, England)",Unclassified/possible false positive,dolan2018,False,False,False,False,False,excluded_classifier_false_positive
29922442,10.1302/2046-3758.73.BJR-2017-0121.R2,2018,Tawonsawatruk T et al.,Comparison of pain behaviour and osteoarthritis progression between anterior cruciate ligament transection and osteochondral injury in rat models.,Bone & joint research,Unclassified/possible false positive,tawonsawatruk2018,False,False,False,False,False,excluded_classifier_false_positive
29986609,10.1177/0269881118784876,2018,Barkus C et al.,The putative lithium-mimetic ebselen reduces impulsivity in rodent models.,"Journal of psychopharmacology (Oxford, England)",Unclassified/possible false positive,barkus2018,False,False,False,False,False,excluded_classifier_false_positive
30019698,10.1038/ncomms16229,2018,Zhang H et al.,Publisher Correction: Brain-specific Crmp2 deletion leads to neuronal development deficits and behavioural impairments in mice.,Nature communications,Unclassified/possible false positive,zhang2018,False,False,False,False,False,excluded_classifier_false_positive
30025863,10.1016/j.neuroscience.2018.07.010,2018,de la Fuente Revenga M et al.,HDAC2-dependent Antipsychotic-like Effects of Chronic Treatment with the HDAC Inhibitor SAHA in Mice.,Neuroscience,Unclassified/possible false positive,delafuenterevenga2018,False,False,False,False,False,excluded_classifier_false_positive
30071829,10.1186/s12864-018-4929-x,2018,Petschner P et al.,Gene expression analysis indicates reduced memory and cognitive functions in the hippocampus and increase in synaptic reorganization in the frontal cortex 3 wee,BMC genomics,MDMA,petschner2018,False,False,False,False,False,excluded_compound_filter_MDMA
30101419,10.1111/bph.14473,2019,Gobira PH et al.,Opposing roles of CB1 and CB2 cannabinoid receptors in the stimulant and rewarding effects of cocaine.,British journal of pharmacology,Unclassified/possible false positive,gobira2019,False,False,False,False,False,excluded_classifier_false_positive
30116179,10.3389/fnbeh.2018.00149,2018,Budzynska B et al.,Acute MDMA and Nicotine Co-administration: Behavioral Effects and Oxidative Stress Processes in Mice.,Frontiers in behavioral neuroscience,MDMA,budzynska2018,False,False,False,False,False,excluded_compound_filter_MDMA
30172789,10.1016/j.ejphar.2018.08.037,2018,Zsilla G et al.,"3,4-Methylenedioxymethamphetamine, mephedrone, and β-phenylethylamine release dopamine from the cytoplasm by means of transporters and keep the concentration hi",European journal of pharmacology,MDMA,zsilla2018,False,False,False,False,False,excluded_compound_filter_MDMA
30201211,10.1016/j.neuropharm.2018.09.004,2018,Mora S et al.,Reduced cortical serotonin 5-HT2A receptor binding and glutamate activity in high compulsive drinker rats.,Neuropharmacology,Other serotonergic,mora2018,False,False,False,False,False,excluded_classifier_off_topic
30212226,10.1289/EHP3550,2018,Krishnan K et al.,"Effects of the Endocrine-Disrupting Chemicals, Vinclozolin and Polychlorinated Biphenyls, on Physiological and Sociosexual Phenotypes in F2 Generation Sprague-D",Environmental health perspectives,Unclassified/possible false positive,krishnan2018,False,False,False,False,False,excluded_classifier_false_positive
30233313,10.3389/fnmol.2018.00312,2018,Lima da Cruz RV et al.,"A Single Dose of 5-MeO-DMT Stimulates Cell Proliferation, Neuronal Survivability, Morphological and Functional Changes in Adult Mice Ventral Dentate Gyrus.",Frontiers in molecular neuroscience,DMT; 5-MeO-DMT,limadacruz2018,False,True,True,False,True,excluded_no_behaviour_in_full_text
30233372,10.3389/fphar.2018.00994,2018,Alper K et al.,LSD Administered as a Single Dose Reduces Alcohol Consumption in C57BL/6J Mice.,Frontiers in pharmacology,LSD,alper2018,False,True,True,True,True,included_in_review
30298278,10.1007/s00213-018-5055-9,2019,Halberstadt AL et al.,Pharmacological characterization of the LSD analog N-ethyl-N-cyclopropyl lysergamide (ECPLA).,Psychopharmacology,LSD,halberstadt2020,False,True,True,True,True,included_in_review
30349456,10.3389/fnins.2018.00738,2018,Dornellas APS et al.,Corrigendum: High-Fat Feeding Improves Anxiety-Type Behavior Induced by Ovariectomy in Rats.,Frontiers in neuroscience,Unclassified/possible false positive,dornellas2018,False,False,False,False,False,excluded_classifier_false_positive
30367948,10.1016/j.neuroscience.2018.10.031,2018,Kulikova EA et al.,"Inhibitor of Striatal-Enriched Protein Tyrosine Phosphatase, 8-(Trifluoromethyl)-1,2,3,4,5-Benzopentathiepin-6-Amine hydrochloride (TC-2153), Produces Antidepre",Neuroscience,Other serotonergic,kulikova2018,False,True,True,True,True,included_in_review
30385253,10.1016/j.neuropharm.2018.10.037,2019,Halberstadt AL et al.,"Comparison of the behavioral responses induced by phenylalkylamine hallucinogens and their tetrahydrobenzodifuran (""FLY"") and benzodifuran (""DragonFLY"") analogs",Neuropharmacology,Psychedelic (general),halberstadt2020,False,True,True,True,True,included_in_review
30416749,10.1038/s41421-018-0060-z,2018,Wei C et al.,"Response dynamics of midbrain dopamine neurons and serotonin neurons to heroin, nicotine, cocaine, and MDMA.",Cell discovery,MDMA,wei2018,False,False,False,False,False,excluded_compound_filter_MDMA
30448991,10.1007/s00213-018-5110-6,2019,Erwin LL et al.,Effects of cocaine on the discriminative stimulus and reinforcing effects of mephedrone in male rats.,Psychopharmacology,Unclassified/possible false positive,erwin2019,False,False,False,False,False,excluded_classifier_false_positive
30459022,10.1016/B978-0-444-64074-1.00030-6,2018,Kiyatkin EA,Brain temperature: from physiology and pharmacology to neuropathology.,Handbook of clinical neurology,Unclassified/possible false positive,kiyatkin2018,False,False,False,False,False,excluded_classifier_false_positive
30472895,10.1177/0960327118814162,2019,Jiang H & Xu H,RETRACTED: Long-term systemic treatment with lysergic acid diethylamide causes retinal damage in CD1 mice.,Human & experimental toxicology,LSD,jiang2019,False,False,False,False,False,excluded_classifier_false_positive
30505269,10.3389/fnmol.2018.00419,2018,Sungur AÖ et al.,"Reduced Efficacy of d-Amphetamine and 3,4-Methylenedioxymethamphetamine in Inducing Hyperactivity in Mice Lacking the Postsynaptic Scaffolding Protein SHANK1.",Frontiers in molecular neuroscience,MDMA,sungura2018,False,False,False,False,False,excluded_compound_filter_MDMA
30565963,10.1177/0269881118817384,2018,Yamashita PS et al.,Serotonin actions within the prelimbic cortex induce anxiolysis mediated by serotonin 1a receptors.,"Journal of psychopharmacology (Oxford, England)",Unclassified/possible false positive,yamashita2018,False,False,False,False,False,excluded_classifier_false_positive
30607973,10.33549/physiolres.934053,2018,Šlamberová R et al.,What is the role of subcutaneous single injections on the behavior of adult male rats exposed to drugs?,Physiological research,Unclassified/possible false positive,lamberov2018,False,False,False,False,False,excluded_classifier_false_positive
30617391,10.1007/s00216-018-1558-9,2019,Wagmann L et al.,In vitro metabolic fate of nine LSD-based new psychoactive substances and their analytical detectability in different urinary screening procedures.,Analytical and bioanalytical chemistry,LSD,wagmann2019,False,False,False,False,False,excluded_no_behaviour_in_full_text
30622600,10.1155/2018/3943120,2018,Ho TJ et al.,"Corrigendum to ""Effects of Electroacupuncture on Methamphetamine-Induced Behavioral Changes in Mice"".",Evidence-based complementary and alternative medicine : eCAM,Unclassified/possible false positive,ho2018,False,False,False,False,False,excluded_classifier_false_positive
30628811,10.1037/pha0000253,2019,Sakloth F et al.,Effects of acute and repeated treatment with serotonin 5-HT2A receptor agonist hallucinogens on intracranial self-stimulation in rats.,Experimental and clinical psychopharmacology,Other serotonergic; Psychedelic (general),sakloth2019,False,True,True,True,True,included_in_review
30665313,10.1177/0269881118822156,2019,Pettie M et al.,A genetic deletion of the serotonin transporter differentially influences the behavioural effects of MDMA.,"Journal of psychopharmacology (Oxford, England)",MDMA,pettie2019,False,False,False,False,False,excluded_compound_filter_MDMA
30673121,10.1111/bph.14586,2019,Cristiano C et al.,Neutralization of IL-17 rescues amyloid-β-induced neuroinflammation and memory impairment.,British journal of pharmacology,Unclassified/possible false positive,cristiano2019,False,False,False,False,False,excluded_classifier_false_positive
30697736,10.1111/jnc.14670,2019,Ni S et al.,Adeno-associated virus-mediated over-expression of CREB-regulated transcription coactivator 1 in the hippocampal dentate gyrus ameliorates lipopolysaccharide-in,Journal of neurochemistry,Unclassified/possible false positive,ni2019,False,False,False,False,False,excluded_classifier_false_positive
30710446,10.1111/bph.14600,2019,Clark JW et al.,"Sex differences in mouse models of fear inhibition: Fear extinction, safety learning, and fear-safety discrimination.",British journal of pharmacology,Unclassified/possible false positive,clark2019,False,False,False,False,False,excluded_classifier_false_positive
30714121,10.1111/bph.14606,2020,Pittenger C,The histidine decarboxylase model of tic pathophysiology: a new focus on the histamine H3 receptor.,British journal of pharmacology,Unclassified/possible false positive,pittenger2020,False,False,False,False,False,excluded_classifier_false_positive
30762918,10.1111/ejn.14373,2019,Hansen IH et al.,Pharmaco-electroencephalographic responses in the rat differ between active and inactive locomotor states.,The European journal of neuroscience,Unclassified/possible false positive,hansen2019,False,False,False,False,False,excluded_classifier_false_positive
30789291,10.1177/0269881119826610,2019,Halberstadt AL et al.,Comparison of the behavioral effects of mescaline analogs using the head twitch response in mice.,"Journal of psychopharmacology (Oxford, England)",Mescaline,halberstadt2020,False,True,True,True,True,included_in_review
30790395,10.1002/jbt.22302,2019,Long H et al.,Gastrodin attenuates neuroinflammation in DOI-induce Tourette syndrome in rats.,Journal of biochemical and molecular toxicology,Unclassified/possible false positive,long2019,False,False,False,False,False,excluded_classifier_false_positive
30826457,10.1016/j.phrs.2019.02.026,2019,Shih JH et al.,"Autophagy inhibition plays a protective role against 3, 4-methylenedioxymethamphetamine (MDMA)-induced loss of serotonin transporters and depressive-like behavi",Pharmacological research,MDMA,shih2019,False,False,False,False,False,excluded_compound_filter_MDMA
30829033,10.1021/acschemneuro.8b00692,2019,Cameron LP et al.,"Chronic, Intermittent Microdoses of the Psychedelic N,N-Dimethyltryptamine (DMT) Produce Positive Effects on Mood and Anxiety in Rodents.",ACS chemical neuroscience,DMT; Psychedelic (general),cameron2019,True,True,True,True,True,included_in_review
30845257,10.1371/journal.pone.0213755,2019,Clemensson EKH et al.,Correction: Further investigation of phenotypes and confounding factors of progressive ratio performance and feeding behavior in the BACHD rat model of Huntingt,PloS one,Unclassified/possible false positive,clemensson2019,False,False,False,False,False,excluded_classifier_false_positive
30873030,10.3389/fphar.2019.00157,2019,Sáez-Briones P et al.,"Aromatic Bromination Abolishes the Psychomotor Features and Pro-social Responses of MDMA (""Ecstasy"") in Rats and Preserves Affinity for the Serotonin Transporte",Frontiers in pharmacology,MDMA,sezbriones2019,False,False,False,False,False,excluded_compound_filter_MDMA
30874305,10.1111/bph.14661,2019,Bagley JR et al.,Discovery of early life stress interacting and sex-specific quantitative trait loci impacting cocaine responsiveness.,British journal of pharmacology,Unclassified/possible false positive,bagley2019,False,False,False,False,False,excluded_classifier_false_positive
30890941,10.3389/fphar.2019.00193,2019,Marton S et al.,Ibogaine Administration Modifies GDNF and BDNF Expression in Brain Regions Involved in Mesocorticolimbic and Nigral Dopaminergic Circuits.,Frontiers in pharmacology,Ibogaine,marton2019,False,True,True,True,True,included_in_review
30922893,10.1016/j.neuropharm.2019.03.017,2019,Curry DW et al.,"Sensitization to the prosocial effects of 3,4-methylenedioxymethamphetamine (MDMA).",Neuropharmacology,MDMA,curry2019,False,False,False,False,False,excluded_compound_filter_MDMA
30923810,10.1093/toxsci/kfz085,2019,Cholanians AB et al.,"Concurrent Inhibition of Vesicular Monoamine Transporter 2 Does Not Protect Against 3,4-Methylenedioxymethamphetamine (Ecstasy) Induced Neurotoxicity.",Toxicological sciences : an official journal of the Society ,MDMA,cholanians2019,False,False,False,False,False,excluded_compound_filter_MDMA
30955424,10.1177/1535759719835366,2019,Danzer SC,Valproic Acid Leads New Neurons Down the Wrong Path.,Epilepsy currents,Unclassified/possible false positive,danzer2019,False,False,False,False,False,excluded_classifier_false_positive
30955430,10.1177/1535759719835664,2019,Gross C,Losing Balance Over a Fatty Acid.,Epilepsy currents,Unclassified/possible false positive,gross2019,False,False,False,False,False,excluded_classifier_false_positive
30966915,10.1098/rstb.2018.0144,2019,Humby T et al.,"Feeding behaviour, risk-sensitivity and response control: effects of 5-HT2C receptor manipulations.",Philosophical transactions of the Royal Society of London. S,Unclassified/possible false positive,humby2019,False,False,False,False,False,excluded_classifier_false_positive
30971925,10.3389/fphar.2019.00283,2019,Polo S et al.,Treatment With the Delta Opioid Agonist UFP-512 Alleviates Chronic Inflammatory and Neuropathic Pain: Mechanisms Implicated.,Frontiers in pharmacology,Unclassified/possible false positive,polo2019,False,False,False,False,False,excluded_classifier_false_positive
30986635,10.1016/j.drugalcdep.2019.02.016,2019,Gatch MB et al.,Locomotor activity and discriminative stimulus effects of five novel synthetic cathinone analogs in mice and rats.,Drug and alcohol dependence,Unclassified/possible false positive,gatch2019,False,False,False,False,False,excluded_classifier_false_positive
30998952,10.1016/j.neuint.2019.04.008,2019,Takeuchi S et al.,Blonanserin ameliorates social deficit through dopamine-D3 receptor antagonism in mice administered phencyclidine as an animal model of schizophrenia.,Neurochemistry international,Unclassified/possible false positive,takeuchi2019,False,False,False,False,False,excluded_classifier_false_positive
30998954,10.1016/j.pbb.2019.04.003,2019,Murnane KS et al.,The adrenergic receptor antagonist carvedilol interacts with serotonin 2A receptors both in vitro and in vivo.,"Pharmacology, biochemistry, and behavior",Unclassified/possible false positive,murnane2019,False,False,False,False,False,excluded_classifier_false_positive
31019450,10.3389/fnmol.2019.00079,2019,Lima da Cruz RV et al.,"Corrigendum: A Single Dose of 5-MeO-DMT Stimulates Cell Proliferation, Neuronal Survivability, Morphological and Functional Changes in Adult Mice Ventral Dentat",Frontiers in molecular neuroscience,DMT; 5-MeO-DMT,limadacruz2018b,False,True,False,False,False,in_corpus_no_animal_dose
31083768,10.1002/dta.2613,2019,Brandt SD et al.,Return of the lysergamides. Part V: Analytical and behavioural characterization of 1-butanoyl-d-lysergic acid diethylamide (1B-LSD).,Drug testing and analysis,LSD,brandt2019,False,False,False,False,False,excluded_classifier_off_topic
31106729,10.1017/neu.2019.15,2019,Jefsen O et al.,Psilocybin lacks antidepressant-like effect in the Flinders Sensitive Line rat.,Acta neuropsychiatrica,Psilocybin/Psilocin,jefsen2019,False,True,True,True,True,included_in_review
31115771,10.1007/s12640-019-00059-1,2019,Hongyan L et al.,Rhynchophylline Attenuates Neurotoxicity in Tourette Syndrome Rats.,Neurotoxicity research,Unclassified/possible false positive,hongyan2019,False,False,False,False,False,excluded_classifier_false_positive
31154497,10.1007/s00414-019-02092-3,2019,De-Giorgio F et al.,Acute and repeated administration of MDPV increases aggressive behavior in mice: forensic implications.,International journal of legal medicine,Unclassified/possible false positive,degiorgio2019,False,False,False,False,False,excluded_classifier_false_positive
31161789,10.1177/1535759719853548,2019,Raimondo JV & Dulla C,When a Good Cop Turns Bad: The Pro-Ictal Action of Parvalbumin Expressing Interneurons During Seizures.,Epilepsy currents,Unclassified/possible false positive,raimondo2019,False,False,False,False,False,excluded_classifier_false_positive
31165473,10.1111/jnc.14788,2019,Sung HY et al.,Down-regulation of interleukin-33 expression in oligodendrocyte precursor cells impairs oligodendrocyte lineage progression.,Journal of neurochemistry,Unclassified/possible false positive,sung2019,False,False,False,False,False,excluded_classifier_false_positive
31218603,10.1007/s13311-019-00752-1,2020,Pitts EG et al.,Action-Outcome Expectancies Require Orbitofrontal Neurotrophin Systems in Naïve and Cocaine-Exposed Mice.,Neurotherapeutics : the journal of the American Society for ,Unclassified/possible false positive,pitts2020,False,False,False,False,False,excluded_classifier_false_positive
31231976,10.1002/tox.22813,2019,Hongyan L et al.,Rhynchophyllin attenuates neuroinflammation in Tourette syndrome rats via JAK2/STAT3 and NF-κB pathways.,Environmental toxicology,Unclassified/possible false positive,hongyan2019,False,False,False,False,False,excluded_classifier_false_positive
31243645,10.1007/s12640-019-00079-x,2019,Long H et al.,Rhynchophylline Attenuates Tourette Syndrome via BDNF/NF-κB Pathway In Vivo and In Vitro.,Neurotoxicity research,Unclassified/possible false positive,long2019,False,False,False,False,False,excluded_classifier_false_positive
31244057,10.1021/acschemneuro.8b00593,2019,Odland AU et al.,8-OH-DPAT Induces Compulsive-like Deficit in Spontaneous Alternation Behavior: Reversal by MDMA but Not Citalopram.,ACS chemical neuroscience,MDMA,odland20211c,False,True,False,False,False,in_corpus_no_animal_dose
31245543,10.1126/sciadv.aay2759,2019,Unknown,"Correction for the Research Article: ""The gut microbiome from patients with schizophrenia modulates the glutamate-glutamine-GABA cycle and schizophrenia-relevan",Science advances,Unclassified/possible false positive,unknown2019,False,False,False,False,False,excluded_classifier_false_positive
31249368,10.1038/s41598-019-45812-w,2019,Dean JG et al.,"Biosynthesis and Extracellular Concentrations of N,N-dimethyltryptamine (DMT) in Mammalian Brain.",Scientific reports,DMT,dean2019,False,True,True,False,False,excluded_no_behaviour_in_full_text
31265544,10.1016/j.neo.2016.06.006,2016,Choi YJ et al.,"Corrigendum to ""Visualization of the Biological Behavior of Tumor-Associated Macrophages in Living Mice with Colon Cancer Using Multimodal Optical Reporter Gene","Neoplasia (New York, N.Y.)",Unclassified/possible false positive,choi2016,False,False,False,False,False,excluded_classifier_false_positive
31268871,10.1097/FBP.0000000000000491,2019,Bullock TA et al.,"Locomotor sensitization in male Sprague-Dawley rats following repeated concurrent treatment with 4-methylmethcathinone and 3,4-methylenedioxymethamphetamine.",Behavioural pharmacology,MDMA,bullock2019,False,False,False,False,False,excluded_compound_filter_MDMA
31309240,10.1007/s00213-019-05328-7,2019,Oppong-Damoah A et al.,"Effects of the synthetic psychedelic 2,5-dimethoxy-4-iodoamphetamine (DOI) on ethanol consumption and place conditioning in male mice.",Psychopharmacology,"DOI (2,5-dimethoxy-4-iodoamphetamine); Psychedelic (general)",oppong-damoah2019,False,True,True,True,True,included_in_review
31330913,10.3390/medicina55070393,2019,Dzirkale Z et al.,Intra-Nasally Administered Oligopeptide Lunasin Acts as a Possible Anti-Psychotic Agent in Mice Models.,"Medicina (Kaunas, Lithuania)",Unclassified/possible false positive,dzirkale2019,False,False,False,False,False,excluded_classifier_false_positive
31351942,10.1016/j.brainresbull.2019.07.027,2019,Liao JF et al.,"Lactobacillus plantarum PS128 ameliorates 2,5-Dimethoxy-4-iodoamphetamine-induced tic-like behaviors via its influences on the microbiota-gut-brain-axis.",Brain research bulletin,"DOI (2,5-dimethoxy-4-iodoamphetamine)",liao2019,False,True,True,True,True,included_in_review
31359803,10.1177/0960327119867513,2019,Unknown,RETRACTION NOTICE: Long-term systemic treatment with lysergic acid diethylamide causes retinal damage in CD1 mice.,Human & experimental toxicology,LSD,unknown2019,False,False,False,False,False,excluded_classifier_false_positive
31377402,10.1016/j.expneurol.2019.113030,2019,Wang Y et al.,Reduced serotonin impairs long-term depression in basolateral amygdala complex and causes anxiety-like behaviors in a mouse model of perimenopause.,Experimental neurology,Unclassified/possible false positive,wang2019,False,False,False,False,False,excluded_classifier_false_positive
31408786,10.1016/j.pharep.2019.05.001,2019,Frankowska M et al.,Extinction training following cocaine or MDMA self-administration produces discrete changes in D2-like and mGlu5 receptor density in the rat brain.,Pharmacological reports : PR,MDMA,frankowska2019,False,False,False,False,False,excluded_compound_filter_MDMA
31452444,10.1177/0269881119867603,2019,Popik P et al.,Serotonin type 5A receptor antagonists inhibit D-lysergic acid diethylamide discriminatory cue in rats.,"Journal of psychopharmacology (Oxford, England)",LSD,popik2019,False,True,True,True,True,included_in_review
31521737,10.1016/j.bbr.2019.112226,2020,Mitazaki S et al.,Role of prefrontal cortical 5-HT2A receptors and serotonin transporter in the behavioral deficits in post-pubertal rats following neonatal lesion of the ventral,Behavioural brain research,Other serotonergic,mitazaki2020,False,True,True,True,True,included_in_review
31527071,10.1084/jem.20191535,2019,Kierdorf K & Prinz M,"Microglia: Same same, but different.",The Journal of experimental medicine,Unclassified/possible false positive,kierdorf2019,False,False,False,False,False,excluded_classifier_false_positive
31530895,10.1038/s41598-019-49987-0,2019,Flanagan TW et al.,Activation of 5-HT2 Receptors Reduces Inflammation in Vascular Tissue and Cholesterol Levels in High-Fat Diet-Fed Apolipoprotein E Knockout Mice.,Scientific reports,Unclassified/possible false positive,flanagan2021b,False,True,False,False,False,in_corpus_no_animal_dose
31563147,10.1111/jnc.14881,2020,Rana S et al.,Heterogeneous glutamatergic receptor mRNA expression across phrenic motor neurons in rats.,Journal of neurochemistry,Unclassified/possible false positive,rana2020,False,False,False,False,False,excluded_classifier_false_positive
31582824,10.1038/s41598-019-49913-4,2019,de la Fuente Revenga M et al.,Fully automated head-twitch detection system for the study of 5-HT2A receptor pharmacology in vivo.,Scientific reports,Other serotonergic,de la fuente revenga2021d,False,True,False,False,False,in_corpus_no_animal_dose
31693871,10.1016/j.neuropharm.2019.107838,2021,Odland AU et al.,The 5-hydroxytryptamine 2A receptor agonists DOI and 25CN-NBOH decrease marble burying and reverse 8-OH-DPAT-induced deficit in spontaneous alternation.,Neuropharmacology,Other serotonergic,odland2021,True,True,True,True,True,included_in_review
31695629,10.3389/fphys.2019.01353,2019,Wang S et al.,Corrigendum: TRPV1 and TRPV1-Expressing Nociceptors Mediate Orofacial Pain Behaviors in a Mouse Model of Orthodontic Tooth Movement.,Frontiers in physiology,Unclassified/possible false positive,wang2019,False,False,False,False,False,excluded_classifier_false_positive
31724155,10.1111/bph.14899,2021,Sliepen SHJ et al.,The nociceptin/orphanin FQ receptor system as a target to alleviate cancer-induced bone pain in rats: Model validation and pharmacological evaluation.,British journal of pharmacology,Unclassified/possible false positive,sliepen2021,False,False,False,False,False,excluded_classifier_false_positive
31729537,10.1007/s00213-019-05380-3,2020,Berquist MD et al.,"Locomotor effects of 3,4-methylenedioxymethamphetamine (MDMA) and its deuterated form in mice: psychostimulant effects, stereotypy, and sensitization.",Psychopharmacology,MDMA,berquist2020,False,False,False,False,False,excluded_compound_filter_MDMA
31756337,10.1016/j.neuropharm.2019.107856,2020,Halberstadt AL et al.,Pharmacological and biotransformation studies of 1-acyl-substituted derivatives of d-lysergic acid diethylamide (LSD).,Neuropharmacology,LSD,halberstadt2020,True,True,True,True,True,included_in_review
31872431,10.1111/jnc.14945,2020,Lučiūnaitė A et al.,Soluble Aβ oligomers and protofibrils induce NLRP3 inflammasome activation in microglia.,Journal of neurochemistry,Unclassified/possible false positive,luinait2020,False,False,False,False,False,excluded_classifier_false_positive
31883351,10.1111/ejn.14663,2020,Assous M,"Emergence of novel functions in striatal low-threshold spike interneurons (Commentary on Gazan et al., 2019).",The European journal of neuroscience,Unclassified/possible false positive,assous2020,False,False,False,False,False,excluded_classifier_false_positive
31909290,10.1016/j.ibror.2019.12.002,2020,Rodríguez-Cruz A et al.,"""Effect of valerenic acid on neuroinflammation in a MPTP-induced mouse model of Parkinson's disease"".",IBRO reports,Unclassified/possible false positive,rodrguezcruz2020,False,False,False,False,False,excluded_classifier_false_positive
31915427,10.3389/fphar.2019.01406,2019,Miliano C et al.,Neurochemical and Behavioral Profiling in Male and Female Rats of the Psychedelic Agent 25I-NBOMe.,Frontiers in pharmacology,Other serotonergic; Psychedelic (general),miliano2019,False,True,True,True,True,included_in_review
31917152,10.1016/j.neuropharm.2019.107933,2020,Halberstadt AL et al.,Correlation between the potency of hallucinogens in the mouse head-twitch response assay and their behavioral and subjective effects in other species.,Neuropharmacology,Psychedelic (general),halberstadt2020b,False,True,False,False,False,in_corpus_no_animal_dose
31923390,10.1016/j.expneurol.2020.113175,2020,Winne J et al.,Anxiety-like behavior induced by salicylate depends on age and can be prevented by a single dose of 5-MeO-DMT.,Experimental neurology,DMT; 5-MeO-DMT,winne2020,False,True,True,True,True,included_in_review
31954738,10.1016/j.jneumeth.2020.108595,2020,de la Fuente Revenga M et al.,Automated quantification of head-twitch response in mice via ear tag reporter coupled with biphasic detection.,Journal of neuroscience methods,Unclassified/possible false positive,de la fuente revenga2021b,False,True,False,False,False,in_corpus_no_animal_dose
32048564,10.1177/0269881120903465,2020,Buchborn T et al.,The serotonin 2A receptor agonist 25CN-NBOH increases murine heart rate and neck-arterial blood flow in a temperature-dependent manner.,"Journal of psychopharmacology (Oxford, England)",Other serotonergic,buchborn2020,False,False,False,False,False,excluded_classifier_off_topic
32052426,10.1111/jnc.14984,2021,Zhang Z et al.,Activation of metabotropic glutamate receptor 4 regulates proliferation and neural differentiation in neural stem/progenitor cells of the rat subventricular zon,Journal of neurochemistry,Unclassified/possible false positive,zhang2021,False,False,False,False,False,excluded_classifier_false_positive
32061662,10.1016/j.pbb.2020.172871,2020,Muskiewicz DE et al.,Synthetic psychoactive cathinones: hypothermia and reduced lethality compared to methamphetamine and methylenedioxymethamphetamine.,"Pharmacology, biochemistry, and behavior",MDMA,muskiewicz2020,False,False,False,False,False,excluded_compound_filter_MDMA
32064962,10.1080/15569527.2020.1730883,2020,Chen K et al.,Lysergic acid diethylamide causes mouse retinal damage by up-regulating p-JAK1/p-STAT1.,Cutaneous and ocular toxicology,LSD,chen2020c,False,True,False,False,False,in_corpus_no_animal_dose
32073883,10.1289/EHP4977,2020,Sobolewski M et al.,"Lineage- and Sex-Dependent Behavioral and Biochemical Transgenerational Consequences of Developmental Exposure to Lead, Prenatal Stress, and Combined Lead and P",Environmental health perspectives,Unclassified/possible false positive,sobolewski2020,False,False,False,False,False,excluded_classifier_false_positive
32077284,10.1021/acs.jnatprod.9b01061,2020,Sherwood AM et al.,"Synthesis and Biological Evaluation of Tryptamines Found in Hallucinogenic Mushrooms: Norbaeocystin, Baeocystin, Norpsilocin, and Aeruginascin.",Journal of natural products,Psychedelic (general),sherwood2020,False,True,True,True,True,included_in_review
32103409,10.1007/s11011-020-00547-w,2020,Colaço CS et al.,Toxicity of ayahuasca after 28 days daily exposure and effects on monoamines and brain-derived neurotrophic factor (BDNF) in brain of Wistar rats.,Metabolic brain disease,Ayahuasca,colaço2020,False,True,True,True,True,included_in_review
32133835,10.1021/acschemneuro.9b00493,2020,Hibicke M et al.,"Psychedelics, but Not Ketamine, Produce Persistent Antidepressant-like Effects in a Rodent Experimental System for the Study of Depression.",ACS chemical neuroscience,Ketamine; Psychedelic (general),hibicke2020,True,True,True,True,True,included_in_review
32180350,10.1002/dta.2789,2020,Brandt SD et al.,Return of the lysergamides. Part VI: Analytical and behavioural characterization of 1-cyclopropanoyl-d-lysergic acid diethylamide (1CP-LSD).,Drug testing and analysis,LSD,brandt2020,False,False,False,False,False,pdf_unavailable_relevant
32186023,,2019,Ai NH et al.,Extract of Yokukansan improves anxiety-like behavior and increases serum brain-derived neurotrophic factor in rats with cerebral ischemia combined with amyloid-,Journal of traditional Chinese medicine = Chung i tsa chih y,Unclassified/possible false positive,ai2019,False,False,False,False,False,excluded_classifier_false_positive
32212672,10.1021/acschemneuro.0c00129,2020,Marcher-Rørsted E et al.,"Investigation of the 2,5-Dimethoxy Motif in Phenethylamine Serotonin 2A Receptor Agonists.",ACS chemical neuroscience,Other serotonergic,marcherrorsted2020,True,True,True,True,True,included_in_review
32240276,10.1371/journal.pone.0231586,2020,Unknown,Correction: Environmental enrichment effects after early stress on behavior and functional brain networks in adult rats.,PloS one,Unclassified/possible false positive,unknown2020,False,False,False,False,False,excluded_classifier_false_positive
32268074,10.1139/cjpp-2019-0591,2020,Alcántara-Vázquez O et al.,Blocking properties of terguride at the 5-HT2 receptor subtypes mediating cardiovascular responses in the rat.,Canadian journal of physiology and pharmacology,Unclassified/possible false positive,alcntaravzquez2020,False,False,False,False,False,excluded_classifier_false_positive
32275776,10.1111/jnc.15022,2021,Wulaer B et al.,Shati/Nat8l deficiency disrupts adult neurogenesis and causes attentional impairment through dopaminergic neuronal dysfunction in the dentate gyrus.,Journal of neurochemistry,Unclassified/possible false positive,wulaer2021,False,False,False,False,False,excluded_classifier_false_positive
32293200,10.1289/EHP6067,2020,Church JS et al.,Neuroinflammatory and Behavioral Outcomes Measured in Adult Offspring of Mice Exposed Prenatally to E-Cigarette Aerosols.,Environmental health perspectives,Unclassified/possible false positive,church2020,False,False,False,False,False,excluded_classifier_false_positive
32298690,10.1016/j.bcp.2020.113979,2020,Jensen AA et al.,"The selective 5-HT2A receptor agonist 25CN-NBOH: Structure-activity relationship, in vivo pharmacology, and in vitro and ex vivo binding characteristics of [3H]",Biochemical pharmacology,Other serotonergic,jensen2020,True,True,True,True,True,included_in_review
32330007,10.1021/acschemneuro.0c00152,2020,Rodrı Guez P et al.,A Single Administration of the Atypical Psychedelic Ibogaine or Its Metabolite Noribogaine Induces an Antidepressant-Like Effect in Rats.,ACS chemical neuroscience,Ibogaine; Psychedelic (general),rodrı́guez2020,False,True,True,True,True,included_in_review
32346865,10.1111/bph.15071,2021,Lama A et al.,Palmitoylethanolamide counteracts brain fog improving depressive-like behaviour in obese mice: Possible role of synaptic plasticity and neurogenesis.,British journal of pharmacology,Unclassified/possible false positive,lama2021,False,False,False,False,False,excluded_classifier_false_positive
32351394,10.3389/fphar.2020.00518,2020,Fang K et al.,Corrigendum: Quercetin Alleviates LPS-Induced Depression-Like Behavior in Rats via Regulating BDNF-Related Imbalance of Copine 6 and TREM1/2 in the Hippocampus ,Frontiers in pharmacology,Unclassified/possible false positive,fang2020,False,False,False,False,False,excluded_classifier_false_positive
32369828,10.1038/s41386-020-0694-z,2020,Meinhardt MW et al.,Psilocybin and LSD have no long-lasting effects in an animal model of alcohol relapse.,Neuropsychopharmacology : official publication of the Americ,Psilocybin/Psilocin; LSD,meinhardt2020,True,True,True,True,True,included_in_review
32423468,10.1186/s12885-020-06856-8,2020,Sun Y et al.,Roles of DANCR/microRNA-518a-3p/MDMA ceRNA network in the growth and malignant behaviors of colon cancer cells.,BMC cancer,MDMA,sun2020,False,False,False,False,False,excluded_compound_filter_MDMA
32508606,10.3389/fnbeh.2020.00075,2020,McKendrick G et al.,Ketamine Blocks Morphine-Induced Conditioned Place Preference and Anxiety-Like Behaviors in Mice.,Frontiers in behavioral neuroscience,Ketamine,mckendrick2020,False,False,False,False,False,excluded_classifier_off_topic
32666571,10.1111/adb.12938,2021,Ben Hamida S et al.,Ventral striatum regulates behavioral response to ethanol and MDMA combination.,Addiction biology,MDMA,benhamida2021,False,False,False,False,False,excluded_compound_filter_MDMA
32676773,10.1007/s00213-020-05609-6,2020,Reis HS et al.,Ayahuasca blocks the reinstatement of methylphenidate-induced conditioned place preference in mice: behavioral and brain Fos expression evaluations.,Psychopharmacology,Ayahuasca,reis2020,False,True,True,True,True,included_in_review
32678951,10.1111/bph.15203,2021,Ishikawa Y et al.,Repeated social defeat stress induces neutrophil mobilization in mice: maintenance after cessation of stress and strain-dependent difference in response.,British journal of pharmacology,Unclassified/possible false positive,ishikawa2021,False,False,False,False,False,excluded_classifier_false_positive
32803833,10.1002/dta.2911,2020,Brandt SD et al.,"Analytical profile of N-ethyl-N-cyclopropyl lysergamide (ECPLA), an isomer of lysergic acid 2,4-dimethylazetidide (LSZ).",Drug testing and analysis,LSD,brandt2020,False,False,False,False,False,pdf_unavailable_relevant
32814148,10.1016/j.bbr.2020.112861,2020,Amodeo DA et al.,Acute serotonin 2A receptor activation impairs behavioral flexibility in mice.,Behavioural brain research,Unclassified/possible false positive,amodeo2020,True,True,True,True,True,included_in_review
32814630,10.1016/j.bbrc.2020.08.022,2020,Banerjee AA & Vaidya VA,Differential signaling signatures evoked by DOI versus lisuride stimulation of the 5-HT2A receptor.,Biochemical and biophysical research communications,"DOI (2,5-dimethoxy-4-iodoamphetamine); Other serotonergic",banerjee2020,False,False,False,False,False,excluded_classifier_off_topic
32842837,10.1177/0269881120944160,2020,White AN et al.,Genetic deletion of Rgs12 in mice affects serotonin transporter expression and function in vivo and ex vivo.,"Journal of psychopharmacology (Oxford, England)",Unclassified/possible false positive,white2020,False,False,False,False,False,excluded_classifier_false_positive
32847111,10.3390/brainsci10090586,2020,Tirri M et al.,Acute DOB and PMA Administration Impairs Motor and Sensorimotor Responses in Mice and Causes Hallucinogenic Effects in Adult Zebrafish.,Brain sciences,Other serotonergic; Psychedelic (general),tirri2022b,False,True,False,False,False,in_corpus_no_animal_dose
32866746,10.1016/j.jpba.2020.113485,2020,Morita I et al.,Immunochemical monitoring of psilocybin and psilocin to identify hallucinogenic mushrooms.,Journal of pharmaceutical and biomedical analysis,Psilocybin/Psilocin; Psychedelic (general),morita2020,False,False,False,False,False,excluded_classifier_off_topic
32875347,10.1007/s00213-020-05648-z,2020,Brandt SD et al.,"The psychoactive aminoalkylbenzofuran derivatives, 5-APB and 6-APB, mimic the effects of 3,4-methylenedioxyamphetamine (MDA) on monoamine transmission in male r",Psychopharmacology,Unclassified/possible false positive,brandt2020,False,False,False,False,False,excluded_classifier_false_positive
32877805,10.1016/j.ejmech.2020.112709,2020,Jin J et al.,Isoquinolinone derivatives as potent CNS multi-receptor D2/5-HT1A/5-HT2A/5-HT6/5-HT7 agents: Synthesis and pharmacological evaluation.,European journal of medicinal chemistry,Other serotonergic,jin2020,False,True,True,True,True,included_in_review
32890758,10.1016/j.nlm.2020.107310,2020,Cui RS et al.,Involvement of noradrenergic and serotonergic systems in risk-based decisions between options of equivalent expected value in rats.,Neurobiology of learning and memory,Unclassified/possible false positive,cui2020,False,False,False,False,False,excluded_classifier_false_positive
32904157,10.1016/j.dib.2020.106074,2020,Palmieri J et al.,Dataset of active avoidance in Wistar-Kyoto and Sprague Dawley rats: Experimental data and reinforcement learning model code and output.,Data in brief,Unclassified/possible false positive,palmieri2020,False,False,False,False,False,excluded_classifier_false_positive
32960851,10.1097/FBP.0000000000000589,2020,Herr KA & Baker LE,Re-evaluation of the discriminative stimulus effects of lysergic acid diethylamide with male and female Sprague-Dawley rats.,Behavioural pharmacology,LSD,herr2020,False,False,False,False,False,pdf_unavailable_relevant
32961254,10.1016/j.neuint.2020.104850,2020,German-Ponciano LJ et al.,"Chrysin, but not flavone backbone, decreases anxiety-like behavior in animal screens.",Neurochemistry international,Unclassified/possible false positive,germanponciano2020,False,False,False,False,False,excluded_classifier_false_positive
32980479,10.1016/j.tox.2020.152602,2020,Lee MY et al.,Increased behavioral and neuronal responses to a hallucinogenic drug after adolescent toluene exposure in mice: Effects of antipsychotic treatment.,Toxicology,Psychedelic (general),lee2020,False,True,True,True,True,included_in_review
33031912,10.1016/j.nlm.2020.107322,2020,Squire H et al.,The role of dopamine D1 receptors in MDMA-induced memory impairments.,Neurobiology of learning and memory,MDMA,squire2020,False,False,False,False,False,excluded_compound_filter_MDMA
33069863,10.1016/j.neuroimage.2020.117456,2021,Grandjean J et al.,Psilocybin exerts distinct effects on resting state networks associated with serotonin and dopamine in mice.,NeuroImage,Psilocybin/Psilocin,grandjean2021,False,False,False,False,False,excluded_classifier_off_topic
33095437,10.1007/s11064-020-03153-5,2020,Tsybko AS et al.,The Chronic Treatment With 5-HT2A Receptor Agonists Affects the Behavior and the BDNF System in Mice.,Neurochemical research,Other serotonergic,tsybko2020,True,True,True,True,True,included_in_review
33125731,10.1111/bph.15302,2021,Gorberg V et al.,Different responses of repetitive behaviours in juvenile and young adult mice to Δ9 -tetrahydrocannabinol and cannabidiol may affect decision making for Tourett,British journal of pharmacology,Unclassified/possible false positive,gorberg2021,False,False,False,False,False,excluded_classifier_false_positive
33143539,10.1177/0269881120959614,2021,Jefsen OH et al.,Transcriptional regulation in the rat prefrontal cortex and hippocampus after a single administration of psilocybin.,"Journal of psychopharmacology (Oxford, England)",Psilocybin/Psilocin,jefsen2019b,False,True,False,False,False,in_corpus_no_animal_dose
33155384,10.1111/adb.12987,2021,Gatch MB et al.,Behavioral effects of four novel synthetic cathinone analogs in rodents.,Addiction biology,Unclassified/possible false positive,gatch2021,False,False,False,False,False,excluded_classifier_false_positive
33171218,10.1016/j.bmcl.2020.127669,2021,Dvorak CA et al.,"Discovery and SAR studies of 2-alkyl-3-phenyl-2,4,5,6,7,8-hexahydropyrazolo[3,4-d]azepines as 5-HT7/2 inhibitors leading to the identification of a clinical can",Bioorganic & medicinal chemistry letters,Unclassified/possible false positive,dvorak2021,False,False,False,False,False,excluded_classifier_false_positive
33248185,10.1016/j.jep.2020.113619,2021,Martínez-Hernández GB et al.,A mixture of quercetin 4'-O-rhamnoside and isoquercitrin from Tilia americana var. mexicana and its biotransformation products with antidepressant activity in m,Journal of ethnopharmacology,Unclassified/possible false positive,martnezhernndez2021,False,False,False,False,False,excluded_classifier_false_positive
33316768,10.26402/jpp.2020.4.09,2020,Frankowska M et al.,"The impact of 3,4-methylendioxymetamphetamine (MDMA) abstinence on seeking behavior and the expression of the D2-like and mGlu5 receptors in the rat brain using",Journal of physiology and pharmacology : an official journal,MDMA,frankowska2020,False,False,False,False,False,excluded_compound_filter_MDMA
33337517,10.1007/s12640-020-00297-8,2021,Wojtas A et al.,Neurochemical and Behavioral Effects of a New Hallucinogenic Compound 25B-NBOMe in Rats.,Neurotoxicity research,Other serotonergic; Psychedelic (general),wojtas2021,False,True,True,True,True,included_in_review
33343373,10.3389/fphar.2020.602770,2020,Elsilä LV et al.,Acute Lysergic Acid Diethylamide Does Not Influence Reward-Driven Decision Making of C57BL/6 Mice in the Iowa Gambling Task.,Frontiers in pharmacology,LSD,elsila2020,True,True,True,True,True,included_in_review
33359368,10.1016/j.bbr.2020.113093,2021,Odland AU et al.,"Investigating the role of 5-HT2A and 5-HT2C receptor activation in the effects of psilocybin, DOI, and citalopram on marble burying in mice.",Behavioural brain research,Psilocybin/Psilocin; Other serotonergic,odland20211b,False,True,False,False,False,in_corpus_no_animal_dose
33372347,10.1111/adb.13000,2021,Mori T et al.,Synergistic effects of MDMA and ethanol on behavior: Possible effects of ethanol on dopamine D2 -receptor-related signaling.,Addiction biology,MDMA,mori2021,False,False,False,False,False,excluded_compound_filter_MDMA
33400504,10.1021/acschemneuro.0c00291,2021,de la Fuente Revenga M et al.,Psychedelic-like Properties of Quipazine and Its Structural Analogues in Mice.,ACS chemical neuroscience,Psychedelic (general),de la fuente revenga2021c,False,True,False,False,False,in_corpus_no_animal_dose
33449379,10.1111/jnc.15303,2021,Ariza A et al.,Dynamic subcellular localization and transcription activity of the SRF cofactor MKL2 in the striatum are regulated by MAPK.,Journal of neurochemistry,Unclassified/possible false positive,ariza2021,False,False,False,False,False,excluded_classifier_false_positive
33449972,10.1371/journal.pone.0245813,2021,Minett MS et al.,Correction: Significant Determinants of Mouse Pain Behaviour.,PloS one,Unclassified/possible false positive,minett2021,False,False,False,False,False,excluded_classifier_false_positive
33495318,10.1073/pnas.2020705118,2021,De Gregorio D et al.,Lysergic acid diethylamide (LSD) promotes social behavior through mTORC1 in the excitatory neurotransmission.,Proceedings of the National Academy of Sciences of the Unite,LSD,gregorio2021,True,True,True,True,True,included_in_review
33502250,10.1289/EHP7662,2021,Adam N et al.,Exposure of Adult Female Mice to Low Doses of di(2-ethylhexyl) Phthalate Alone or in an Environmental Phthalate Mixture: Evaluation of Reproductive Behavior and,Environmental health perspectives,Unclassified/possible false positive,adam2021,False,False,False,False,False,excluded_classifier_false_positive
33555034,10.1111/bph.15410,2022,Li S et al.,Sodium rutin extends lifespan and health span in mice including positive impacts on liver health.,British journal of pharmacology,Unclassified/possible false positive,li2022,False,False,False,False,False,excluded_classifier_false_positive
33595958,10.1097/FBP.0000000000000628,2021,Berquist MD & Fantegrossi WE,"Effects of 5-HT2A receptor agonist 2,5-dimethoxy-4-iodoamphetamine on alcohol consumption in Long-Evans rats.",Behavioural pharmacology,"DOI (2,5-dimethoxy-4-iodoamphetamine); Other serotonergic",berquist2021,False,False,False,False,False,pdf_unavailable_relevant
33645311,10.1177/0269881121991569,2021,Inserra A et al.,"Lysergic acid diethylamide differentially modulates the reticular thalamus, mediodorsal thalamus, and infralimbic prefrontal cortex: An in vivo electrophysiolog","Journal of psychopharmacology (Oxford, England)",LSD,inserra2021,False,True,True,False,True,excluded_no_behaviour_in_full_text
33665400,10.1016/j.heliyon.2021.e06084,2021,Owhorji B et al.,"Corrigendum to ""Chronic consumption of calabash chalk diet impairs locomotor activities and social behaviour in Swiss white Cd-1 mice"" [Heliyon 5 (6) (2019) e01",Heliyon,Unclassified/possible false positive,owhorji2021,False,False,False,False,False,excluded_classifier_false_positive
33667102,10.1021/acs.jnatprod.1c00087,2021,Fricke J et al.,Chemoenzymatic Synthesis of 5-Methylpsilocybin: A Tryptamine with Potential Psychedelic Activity.,Journal of natural products,Other serotonergic; Psychedelic (general),fricke2021,False,True,True,True,True,included_in_review
33716753,10.3389/fphar.2021.640241,2021,Higgins GA et al.,Low Doses of Psilocybin and Ketamine Enhance Motivation and Attention in Poor Performing Rats: Evidence for an Antidepressant Property.,Frontiers in pharmacology,Psilocybin/Psilocin; Ketamine,higgins2021,True,True,True,True,True,included_in_review
33793684,10.1155/2021/2890243,2021,Zhao Q et al.,"Corrigendum to ""Relationship between Pain Behavior and Changes in KCNA2 Expression in the Dorsal Root Ganglia of Rats with Osteoarthritis"".",Pain research & management,Unclassified/possible false positive,zhao2021,False,False,False,False,False,excluded_classifier_false_positive
33830495,10.1111/bph.15487,2022,Wöhr M,Measuring mania-like elevated mood through amphetamine-induced 50-kHz ultrasonic vocalizations in rats.,British journal of pharmacology,Unclassified/possible false positive,whr2022,False,False,False,False,False,excluded_classifier_false_positive
33850049,10.1073/pnas.2022489118,2021,Hesselgrave N et al.,Harnessing psilocybin: antidepressant-like behavioral and synaptic actions of psilocybin are independent of 5-HT2R activation in mice.,Proceedings of the National Academy of Sciences of the Unite,Psilocybin/Psilocin,hesselgrave2021,True,True,True,True,True,included_in_review
33860179,10.1021/acsptsci.0c00063,2021,Flanagan TW et al.,Structure-Activity Relationship Analysis of Psychedelics in a Rat Model of Asthma Reveals the Anti-Inflammatory Pharmacophore.,ACS pharmacology & translational science,Psychedelic (general),flanagan2021,False,True,True,True,True,included_in_review
33860181,10.1021/acsptsci.0c00164,2021,González J et al.,EEG Gamma Band Alterations and REM-like Traits Underpin the Acute Effect of the Atypical Psychedelic Ibogaine in the Rat.,ACS pharmacology & translational science,Ibogaine; Psychedelic (general),gonzalez2021,False,True,True,False,True,excluded_no_behaviour_in_full_text
33860183,10.1021/acsptsci.0c00176,2021,Klein AK et al.,Investigation of the Structure-Activity Relationships of Psilocybin Analogues.,ACS pharmacology & translational science,Psilocybin/Psilocin,klein2021,True,True,True,True,True,included_in_review
33956508,10.1289/EHP7352,2021,Gileadi TE et al.,Effects of Low-Dose Gestational TCDD Exposure on Behavior and on Hippocampal Neuron Morphology and Gene Expression in Mice.,Environmental health perspectives,Unclassified/possible false positive,gileadi2021,False,False,False,False,False,excluded_classifier_false_positive
33971107,10.1289/EHP8905,2021,Patten KT et al.,The Effects of Chronic Exposure to Ambient Traffic-Related Air Pollution on Alzheimer's Disease Phenotypes in Wildtype and Genetically Predisposed Male and Fema,Environmental health perspectives,Unclassified/possible false positive,patten2021,False,False,False,False,False,excluded_classifier_false_positive
34009016,10.1289/EHP8428,2021,Raber J et al.,Effects of Chronic Secondhand Smoke (SHS) Exposure on Cognitive Performance and Metabolic Pathways in the Hippocampus of Wild-Type and Human Tau Mice.,Environmental health perspectives,Unclassified/possible false positive,raber2021,False,False,False,False,False,excluded_classifier_false_positive
34035476,10.1038/s41380-021-01159-1,2021,Lu J et al.,An analog of psychedelics restores functional neural circuits disrupted by unpredictable stress.,Molecular psychiatry,Psychedelic (general),lu2021,False,True,True,True,True,included_in_review
34054429,10.3389/fnmol.2021.695317,2021,Rea V & Van Raay TJ,Corrigendum: Using Zebrafish to Model Autism Spectrum Disorder: A Comparison of ASD Risk Genes Between Zebrafish and Their Mammalian Counterparts.,Frontiers in molecular neuroscience,Unclassified/possible false positive,rea2021,False,False,False,False,False,excluded_classifier_false_positive
34228806,10.1093/ijnp/pyab040,2021,Hagsäter SM et al.,A Complex Impact of Systemically Administered 5-HT2A Receptor Ligands on Conditioned Fear.,The international journal of neuropsychopharmacology,Other serotonergic,hagsäter2021,True,True,True,True,True,included_in_review
34228959,10.1016/j.neuron.2021.06.008,2021,Shao LX et al.,Psilocybin induces rapid and persistent growth of dendritic spines in frontal cortex in vivo.,Neuron,Psilocybin/Psilocin,shao2021,False,True,True,True,True,included_in_review
34234684,10.3389/fphar.2021.706894,2021,Grotell M et al.,Mice Lacking GABAA Receptor δ Subunit Have Altered Pharmaco-EEG Responses to Multiple Drugs.,Frontiers in pharmacology,Unclassified/possible false positive,grotell2021,False,False,False,False,False,excluded_classifier_false_positive
34281274,10.3390/ijms22137219,2021,Shin EJ et al.,"Ginsenoside Re Protects against Serotonergic Behaviors Evoked by 2,5-Dimethoxy-4-iodo-amphetamine in Mice via Inhibition of PKCδ-Mediated Mitochondrial Dysfunct",International journal of molecular sciences,Unclassified/possible false positive,shin2021,False,False,False,False,False,excluded_classifier_false_positive
34345931,10.1007/s00213-021-05913-9,2022,Vohra HZ et al.,Sex-specific effects of psychedelics on prepulse inhibition of startle in 129S6/SvEv mice.,Psychopharmacology,Psychedelic (general),vohra2022,True,True,True,True,True,included_in_review
34355803,10.1111/bph.15640,2022,Copeland CS et al.,Group II metabotropic glutamate receptor (mGlu2 and mGlu3 ) roles in thalamic processing.,British journal of pharmacology,Unclassified/possible false positive,copeland2022,False,False,False,False,False,excluded_classifier_false_positive
34383603,10.1289/EHP8795,2021,López-Rodríguez D et al.,Multi- and Transgenerational Outcomes of an Exposure to a Mixture of Endocrine-Disrupting Chemicals (EDCs) on Puberty and Maternal Behavior in the Female Rat.,Environmental health perspectives,Unclassified/possible false positive,lpezrodrguez2021,False,False,False,False,False,excluded_classifier_false_positive
34389975,10.1111/bph.15658,2022,Sanchez WN et al.,"Diazepam attenuates the effects of cocaine on locomotion, 50-kHz ultrasonic vocalizations and phasic dopamine in the nucleus accumbens of rats.",British journal of pharmacology,Unclassified/possible false positive,sanchez2022,False,False,False,False,False,excluded_classifier_false_positive
34397448,10.1097/FBP.0000000000000647,2021,Thomas AM et al.,"Characterization of 3,4-methylenedioxypyrovalerone discrimination in female Sprague-Dawley rats.",Behavioural pharmacology,Unclassified/possible false positive,thomas2021,False,False,False,False,False,excluded_classifier_false_positive
34417357,10.1097/FBP.0000000000000649,2021,Lynch CJ & Prus AJ,Assessment of antidepressant-like effects of dextromethorphan on differential reinforcement of low-rate 72-s performance in rats.,Behavioural pharmacology,Unclassified/possible false positive,lynch2021,False,False,False,False,False,excluded_classifier_false_positive
34424052,10.1289/EHP8792,2021,Liu Q et al.,Air Pollution Particulate Matter Exposure and Chronic Cerebral Hypoperfusion and Measures of White Matter Injury in a Murine Model.,Environmental health perspectives,Unclassified/possible false positive,liu2023,False,True,True,True,True,included_in_review
34437939,10.1016/j.bbr.2021.113546,2022,Almeida CAF et al.,"Ayahuasca, a psychedelic beverage, modulates neuroplasticity induced by ethanol in mice.",Behavioural brain research,Ayahuasca; Psychedelic (general),almeida2022,True,True,True,True,True,included_in_review
34456668,10.3389/fnins.2021.682398,2021,Nikolaus S et al.,Serotonergic Modulation of Nigrostriatal and Mesolimbic Dopamine and Motor/Exploratory Behaviors in the Rat.,Frontiers in neuroscience,Unclassified/possible false positive,nikolaus2021,False,False,False,False,False,excluded_classifier_false_positive
34480046,10.1038/s41598-021-96736-3,2021,Rodriguiz RM et al.,LSD-stimulated behaviors in mice require β-arrestin 2 but not β-arrestin 1.,Scientific reports,LSD,rodriguiz2021,True,True,True,True,True,included_in_review
34512274,10.3389/fncel.2021.747696,2021,Wang X et al.,Corrigendum: Overexpression of mGluR7 in the Prefrontal Cortex Attenuates Autistic Behaviors in Mice.,Frontiers in cellular neuroscience,Unclassified/possible false positive,wang2023b,False,True,False,False,False,in_corpus_no_animal_dose
34525364,10.1016/j.celrep.2021.109714,2021,Domenico C et al.,LSD degrades hippocampal spatial representations and suppresses hippocampal-visual cortical interactions.,Cell reports,LSD,domenico2021,True,True,True,True,True,included_in_review
34566729,10.3389/fpsyt.2021.735656,2021,Singh DK et al.,Corrigendum: Testosterone Acts Within the Medial Amygdala of Rats to Reduce Innate Fear to Predator Odor Akin to the Effects of Toxoplasma gondii Infection.,Frontiers in psychiatry,Unclassified/possible false positive,singh2023c,False,True,False,False,False,in_corpus_no_animal_dose
34568977,10.1007/s00210-021-02155-6,2021,Martínez-Hernández GB et al.,Antidepressant and anxiolytic compounds isolated from Salvia elegans interact with serotonergic drugs.,Naunyn-Schmiedeberg's archives of pharmacology,Unclassified/possible false positive,martnezhernndez2021,False,False,False,False,False,excluded_classifier_false_positive
34585602,10.1289/EHP8196,2021,Ooi SKT et al.,Examining the Developmental Trajectory of an in Vitro Model of Mouse Primordial Germ Cells following Exposure to Environmentally Relevant Bisphenol A Levels.,Environmental health perspectives,Unclassified/possible false positive,ooi2021,False,False,False,False,False,excluded_classifier_false_positive
34599847,10.1111/bph.15697,2022,Pascual Cuadrado D et al.,Long-term molecular differences between resilient and susceptible mice after a single traumatic exposure.,British journal of pharmacology,Unclassified/possible false positive,pascualcuadrado2022,False,False,False,False,False,excluded_classifier_false_positive
34601495,10.1038/s41398-021-01603-4,2021,Vejmola Č et al.,"Psilocin, LSD, mescaline, and DOB all induce broadband desynchronization of EEG and disconnection in rats with robust translational validity.",Translational psychiatry,Mescaline; Psilocybin/Psilocin; LSD; Other serotonergic,vejmola2021,False,True,True,True,True,excluded_no_behaviour_in_full_text
34621171,10.3389/fphar.2021.739012,2021,Henriques GM et al.,Ibogaine Blocks Cue- and Drug-Induced Reinstatement of Conditioned Place Preference to Ethanol in Male Mice.,Frontiers in pharmacology,Ibogaine,henriques2021,True,True,True,True,True,included_in_review
34686347,10.1016/j.celrep.2021.109836,2021,de la Fuente Revenga M et al.,Prolonged epigenomic and synaptic plasticity alterations following single exposure to a psychedelic in mice.,Cell reports,Psychedelic (general),de la fuente revenga2021,True,True,True,True,True,included_in_review
34729786,10.1111/jnc.15534,2022,Savino A & Nichols CD,Lysergic acid diethylamide induces increased signalling entropy in rats' prefrontal cortex.,Journal of neurochemistry,LSD,savino2022,False,False,False,False,False,excluded_classifier_off_topic
34735205,10.1037/pha0000525,2022,Libânio TC et al.,Harmine impairs memory performance of treated rats and nontreated cagemates.,Experimental and clinical psychopharmacology,Unclassified/possible false positive,libnio2022,False,False,False,False,False,excluded_classifier_false_positive
34747641,10.1289/EHP9256,2021,Iqbal K et al.,Evaluation of Placentation and the Role of the Aryl Hydrocarbon Receptor Pathway in a Rat Model of Dioxin Exposure.,Environmental health perspectives,Unclassified/possible false positive,iqbal2021,False,False,False,False,False,excluded_classifier_false_positive
34762352,10.14814/phy2.15088,2021,Román V et al.,Contribution of analog signaling to neurotransmitter interactions and behavior: Role of transporter-mediated nonquantal dopamine release.,Physiological reports,Unclassified/possible false positive,romn2021,False,False,False,False,False,excluded_classifier_false_positive
34788104,10.1126/sciadv.abh2399,2021,Meinhardt MW et al.,Psilocybin targets a common molecular mechanism for cognitive impairment and increased craving in alcoholism.,Science advances,Psilocybin/Psilocin,meinhardt2021,True,True,True,True,True,included_in_review
34800468,10.1016/j.ejphar.2021.174646,2021,Smith MA et al.,Lack of evidence for positive reinforcing and prosocial effects of MDMA in pair-housed male and female rats.,European journal of pharmacology,MDMA,smith2021,False,False,False,False,False,excluded_compound_filter_MDMA
34822961,10.1016/j.jep.2021.114865,2022,Gianfratti B et al.,Ayahuasca blocks ethanol preference in an animal model of dependence and shows no acute toxicity.,Journal of ethnopharmacology,Ayahuasca,gianfratti2022,False,True,True,True,True,included_in_review
34837347,10.1002/dta.3205,2022,Brandt SD et al.,Return of the lysergamides. Part VII: Analytical and behavioural characterization of 1-valeroyl-d-lysergic acid diethylamide (1V-LSD).,Drug testing and analysis,LSD,brandt2022,False,False,False,False,False,excluded_classifier_off_topic
34867833,10.3389/fendo.2021.804873,2021,Unknown,Erratum: Behavioral Abnormalities in Knockout and Humanized Tau Mice.,Frontiers in endocrinology,Unclassified/possible false positive,unknown2021,False,False,False,False,False,excluded_classifier_false_positive
34880730,10.3389/fncel.2021.782716,2021,Kim Y et al.,Corrigendum: IRSp53 Deletion in Glutamatergic and GABAergic Neurons and in Male and Female Mice Leads to Distinct Electrophysiological and Behavioral Phenotypes,Frontiers in cellular neuroscience,Unclassified/possible false positive,kim2021,False,False,False,False,False,excluded_classifier_false_positive
34928887,10.1213/ANE.0000000000005835,2022,Brito MA et al.,Cortical Acetylcholine Levels Correlate With Neurophysiologic Complexity During Subanesthetic Ketamine and Nitrous Oxide Exposure in Rats.,Anesthesia and analgesia,Ketamine,brito2022,False,False,False,False,False,excluded_classifier_off_topic
34935149,10.1111/jnc.15566,2022,Wies Mancini VSB et al.,Colony-stimulating factor-1 receptor inhibition attenuates microgliosis and myelin loss but exacerbates neurodegeneration in the chronic cuprizone model.,Journal of neurochemistry,Unclassified/possible false positive,wiesmancini2022,False,False,False,False,False,excluded_classifier_false_positive
34986502,10.1111/bph.15792,2023,Gabel F et al.,Central metabolism as a potential origin of sex differences in morphine antinociception but not induction of antinociceptive tolerance in mice.,British journal of pharmacology,Unclassified/possible false positive,gabel2023,False,False,False,False,False,excluded_classifier_false_positive
35002622,10.3389/fnmol.2021.790213,2021,Desouza LA et al.,"The Hallucinogenic Serotonin2A Receptor Agonist, 2,5-Dimethoxy-4-Iodoamphetamine, Promotes cAMP Response Element Binding Protein-Dependent Gene Expression of Sp",Frontiers in molecular neuroscience,"DOI (2,5-dimethoxy-4-iodoamphetamine); Psychedelic (general)",desouza2021,False,True,True,True,True,included_in_review
35033729,10.1016/j.drugalcdep.2021.109261,2022,Synan C et al.,"Ulotaront, a novel TAAR1 agonist with 5-HT1A agonist activity, lacks abuse liability and attenuates cocaine cue-induced relapse in rats.",Drug and alcohol dependence,Unclassified/possible false positive,synan2022,False,False,False,False,False,excluded_classifier_false_positive
35084960,10.1126/science.abl8615,2022,Cao D et al.,Structure-based discovery of nonhallucinogenic psychedelic analogs.,"Science (New York, N.Y.)",Psychedelic (general),cao2022,False,True,True,True,True,excluded_classifier_off_topic
35179622,10.1007/s00213-022-06086-9,2022,Pantoni MM et al.,"MDMA and memory, addiction, and depression: dose-effect analysis.",Psychopharmacology,MDMA,pantoni2022,False,False,False,False,False,excluded_compound_filter_MDMA
35222010,10.3389/fphar.2021.794254,2021,Kolaczynska KE et al.,"Receptor Interaction Profiles of 4-Alkoxy-3,5-Dimethoxy-Phenethylamines (Mescaline Derivatives) and Related Amphetamines.",Frontiers in pharmacology,Mescaline; Other serotonergic,kolaczynska2021,False,True,True,False,False,in_corpus_no_animal_dose
35224770,10.1002/nau.24890,2022,Chen P et al.,The intracerebroventricular injection of lipopolysaccharide may induce neurogenic detrusor overactivity symptoms in mice.,Neurourology and urodynamics,Unclassified/possible false positive,chen2020b,False,True,False,False,False,in_corpus_no_animal_dose
35233648,10.1007/s00213-022-06092-x,2022,Jaster AM et al.,Effects of the 5-HT2A receptor antagonist volinanserin on head-twitch response and intracranial self-stimulation depression induced by different structural clas,Psychopharmacology,Other serotonergic; Psychedelic (general),jaster2022,True,False,False,False,False,pdf_unavailable_relevant
35233765,10.1111/jnc.15600,2022,Miyajima K et al.,Perturbation of monoamine metabolism and enhanced fear responses in mice defective in the regeneration of tetrahydrobiopterin.,Journal of neurochemistry,Unclassified/possible false positive,miyajima2022,False,False,False,False,False,excluded_classifier_false_positive
35234983,10.1007/s00213-021-06020-5,2022,Popik P et al.,"Effects of ketamine optical isomers, psilocybin, psilocin and norpsilocin on time estimation and cognition in rats.",Psychopharmacology,Psilocybin/Psilocin; Ketamine,popik2022,True,True,True,True,True,included_in_review
35263482,10.1111/ejn.15646,2022,Pascovich C et al.,Ketamine and sleep modulate neural complexity dynamics in cats.,The European journal of neuroscience,Ketamine,pascovich2022,False,False,False,False,False,excluded_classifier_off_topic
35264935,10.3389/fnbeh.2021.805139,2021,Sharp JL & Smith MA,The Effects of Drugs on Behavior Maintained by Social Contact: Role of Monoamines in Social Reinforcement.,Frontiers in behavioral neuroscience,Unclassified/possible false positive,sharp2021,False,False,False,False,False,excluded_classifier_false_positive
35301424,10.1038/s41386-022-01301-9,2022,De Gregorio D et al.,"Repeated lysergic acid diethylamide (LSD) reverses stress-induced anxiety-like behavior, cortical synaptogenesis deficits and serotonergic neurotransmission dec",Neuropsychopharmacology : official publication of the Americ,LSD,gregorio2022,True,True,True,True,True,included_in_review
35310468,10.1016/j.mec.2022.e00196,2022,Adams AM et al.,Development of an E. coli-based norbaeocystin production platform and evaluation of behavioral effects in rats.,Metabolic engineering communications,Unclassified/possible false positive,adams2022,True,True,True,False,False,in_corpus_no_animal_dose
35378111,10.1016/j.bbr.2022.113878,2022,Daldegan-Bueno D et al.,Effects of repeated ayahuasca administration on behaviour and c-Fos expression in male rats exposed to the open field.,Behavioural brain research,Ayahuasca,daldegan-bueno2022,False,True,True,True,True,included_in_review
35449450,10.1038/s41386-022-01324-2,2022,Pędzich BD et al.,Effects of a psychedelic 5-HT2A receptor agonist on anxiety-related behavior and fear processing in mice.,Neuropsychopharmacology : official publication of the Americ,Other serotonergic; Psychedelic (general),pedzich2022,True,True,True,True,True,included_in_review
35504866,10.1038/s41398-022-01952-8,2022,Arluk S et al.,MDMA treatment paired with a trauma-cue promotes adaptive stress responses in a translational model of PTSD in rats.,Translational psychiatry,MDMA,arluk2022,False,False,False,False,False,excluded_compound_filter_MDMA
35511227,10.1289/EHP9505,2022,Han S et al.,Role of OCT3 and DRP1 in the Transport of Paraquat in Astrocytes: A Mouse Study.,Environmental health perspectives,Unclassified/possible false positive,han2022,False,False,False,False,False,excluded_classifier_false_positive
35524430,10.1002/dta.3281,2022,Brandt SD et al.,"Analytical profile, in vitro metabolism and behavioral properties of the lysergamide 1P-AL-LAD.",Drug testing and analysis,Unclassified/possible false positive,brandt2022,False,False,False,False,False,excluded_classifier_false_positive
35530025,10.3389/fpsyt.2022.875722,2022,Tirri M et al.,"Effect of -NBOMe Compounds on Sensorimotor, Motor, and Prepulse Inhibition Responses in Mice in Comparison With the 2C Analogs and Lysergic Acid Diethylamide: F",Frontiers in psychiatry,LSD; Other serotonergic,tirri2022,False,True,True,True,True,included_in_review
35592434,10.1021/acsptsci.1c00237,2022,Glatfelter GC et al.,Automated Computer Software Assessment of 5-Hydroxytryptamine 2A Receptor-Mediated Head Twitch Responses from Video Recordings of Mice.,ACS pharmacology & translational science,Unclassified/possible false positive,glatfelter2022c,False,True,False,False,False,in_corpus_no_animal_dose
35664477,10.3389/fpsyt.2022.891512,2022,Huang J et al.,Chronic Treatment With Psilocybin Decreases Changes in Body Weight in a Rodent Model of Obesity.,Frontiers in psychiatry,Psilocybin/Psilocin,huang2022,False,True,True,True,True,included_in_review
35666403,10.1007/s12035-022-02884-6,2022,Gorberg V et al.,Motor-like Tics are Mediated by CB2 Cannabinoid Receptor-dependent and Independent Mechanisms Associated with Age and Sex.,Molecular neurobiology,Unclassified/possible false positive,gorberg2022,False,False,False,False,False,excluded_classifier_false_positive
35671916,10.1016/j.neulet.2022.136710,2022,Plocinski JA & Ball KT,"Prelimbic medial prefrontal cortex has bidirectional control over the expression of behavioral sensitization to 3,4-methylenedioxymethamphetamine (MDMA; ecstasy",Neuroscience letters,MDMA,plocinski2022,False,False,False,False,False,excluded_compound_filter_MDMA
35695174,10.1177/02698811221104641,2022,Elsilä LV et al.,Effects of acute lysergic acid diethylamide on intermittent ethanol and sucrose drinking and intracranial self-stimulation in C57BL/6 mice.,"Journal of psychopharmacology (Oxford, England)",LSD,elsila2022,True,True,True,True,True,included_in_review
35703344,10.3892/or.2022.8347,2022,Lyu X et al.,[Retracted] microRNA‑485 inhibits the malignant behaviors of retinoblastoma by directly targeting Wnt3a.,Oncology reports,Unclassified/possible false positive,lyu2022,False,False,False,False,False,excluded_classifier_false_positive
35723216,10.1177/02698811221104050,2022,Duarte-Filho LAMS et al.,β-carboline-independent antidepressant-like effect of the standardized extract of the barks of Mimosa tenuiflora (Willd) Poir. occurs via 5-HT2A/2C receptors in,"Journal of psychopharmacology (Oxford, England)",Other serotonergic,duartefilho2022,True,True,True,True,True,included_in_review
35732217,10.1016/j.expneurol.2022.114148,2022,Ornelas IM et al.,"Nootropic effects of LSD: Behavioral, molecular and computational evidence.",Experimental neurology,LSD,ornelas2022,True,True,True,True,True,included_in_review
35743159,10.3390/ijms23126713,2022,Wojtas A et al.,"Effect of Psilocybin and Ketamine on Brain Neurotransmitters, Glutamate Receptors, DNA and Rat Behavior.",International journal of molecular sciences,Psilocybin/Psilocin; Ketamine,wojtas2022,True,True,True,True,True,included_in_review
35769681,10.7759/cureus.25414,2022,Sotille R et al.,Unraveling the Mysteries of Mental Illness With Psilocybin.,Cureus,Psilocybin/Psilocin,sotille2022,False,False,False,False,False,excluded_classifier_off_topic
35777526,10.1016/j.pnpbp.2022.110594,2022,Inserra A et al.,Modulation of DNA methylation and protein expression in the prefrontal cortex by repeated administration of D-lysergic acid diethylamide (LSD): Impact on neurot,Progress in neuro-psychopharmacology & biological psychiatry,LSD,inserra2023b,False,True,False,False,False,in_corpus_no_animal_dose
35843462,10.1016/j.bbr.2022.114007,2022,Goulart da Silva M et al.,Antidepressant and anxiolytic-like effects of ayahuasca in rats subjected to LPS-induced neuroinflammation.,Behavioural brain research,Ayahuasca,goulart da silva2022,False,True,True,True,True,included_in_review
35874244,10.1021/acsomega.2c03476,2022,Glatfelter GC et al.,"Synthesis, Structural Characterization, and Pharmacological Activity of Novel Quaternary Salts of 4-Substituted Tryptamines.",ACS omega,Unclassified/possible false positive,glatfelter2022b,False,True,False,False,False,in_corpus_no_animal_dose
35877107,10.1089/can.2019.0041.correx,2022,Unknown,"Correction to: Chronic Psychosocial Stress Causes Increased Anxiety-Like Behavior and Alters Endocannabinoid Levels in the Brain of C57Bl/6J Mice, by Bouter, et",Cannabis and cannabinoid research,Unclassified/possible false positive,unknown2022,False,False,False,False,False,excluded_classifier_false_positive
35882885,10.1038/s41598-022-16325-w,2022,Golden CT & Chadderton P,Psilocybin reduces low frequency oscillatory power and neuronal phase-locking in the anterior cingulate cortex of awake rodents.,Scientific reports,Psilocybin/Psilocin,golden2022,False,True,True,False,True,included_in_review
35900876,10.1021/acschemneuro.2c00170,2022,de la Fuente Revenga M et al.,Tolerance and Cross-Tolerance among Psychedelic and Nonpsychedelic 5-HT2A Receptor Agonists in Mice.,ACS chemical neuroscience,Other serotonergic; Psychedelic (general),delafuenterevenga2022,False,True,True,True,True,included_in_review
35950760,10.1128/msystems.00533-22,2022,Gareau MG,The Microbiota-Gut-Brain Axis in Sepsis-Associated Encephalopathy.,mSystems,Unclassified/possible false positive,gareau2022,False,False,False,False,False,excluded_classifier_false_positive
35953488,10.1038/s41398-022-02103-9,2022,Fadahunsi N et al.,Acute and long-term effects of psilocybin on energy balance and feeding behavior in mice.,Translational psychiatry,Psilocybin/Psilocin,fadahunsi2022,True,True,True,True,True,included_in_review
35963476,10.1016/j.neulet.2022.136836,2022,Jaster AM et al.,Differences across sexes on head-twitch behavior and 5-HT2A receptor signaling in C57BL/6J mice.,Neuroscience letters,Other serotonergic,delafuenterevenga2022b,True,True,False,False,False,in_corpus_no_animal_dose
36049313,10.1016/j.biopha.2022.113612,2022,Erkizia-Santamaría I et al.,"Serotonin 5-HT2A, 5-HT2c and 5-HT1A receptor involvement in the acute effects of psilocybin in mice. In vitro pharmacological profile and modulation of thermore",Biomedicine & pharmacotherapy = Biomedecine & pharmacotherap,Psilocybin/Psilocin; Other serotonergic,erkizia-santamaria2022,False,True,True,True,True,included_in_review
36121407,10.1016/j.chmed.2021.04.003,2021,Luo HB et al.,"Corrigendum to ""Ginsenoside Rd improves behavioral impairment of rats with acute plateau status by modulating synaptic plasticity"" [Chinese Herbal Medicines 11 ",Chinese herbal medicines,Unclassified/possible false positive,luo2021,False,False,False,False,False,excluded_classifier_false_positive
36133073,10.3389/fnagi.2022.934855,2022,Zhou Y et al.,Corrigendum: Neuroprotectin D1 protects against postoperative delirium-like behavior in aged mice.,Frontiers in aging neuroscience,Unclassified/possible false positive,zhou2022,False,False,False,False,False,excluded_classifier_false_positive
36168047,10.1038/s41386-022-01450-x,2023,Lambert PM et al.,Non-sedative cortical EEG signatures of allopregnanolone and functional comparators.,Neuropsychopharmacology : official publication of the Americ,Unclassified/possible false positive,lambert2023,False,False,False,False,False,excluded_classifier_false_positive
36175138,10.2967/jnumed.122.264391,2023,Ionescu TM et al.,"Neurovascular Uncoupling: Multimodal Imaging Delineates the Acute Effects of 3,4-Methylenedioxymethamphetamine.","Journal of nuclear medicine : official publication, Society ",MDMA,ionescu2023,False,False,False,False,False,excluded_compound_filter_MDMA
36278982,10.1007/s00213-022-06253-y,2022,Zakrzewska-Sito A et al.,Spontaneous head twitches in aged rats: behavioral and molecular study.,Psychopharmacology,Unclassified/possible false positive,zakrzewskasito2022,False,False,False,False,False,excluded_classifier_false_positive
36289598,10.3390/biomedicines10102336,2022,Pisanu A et al.,"Effects of the Phenethylamine 2-Cl-4,5-MDMA and the Synthetic Cathinone 3,4-MDPHP in Adolescent Rats: Focus on Sex Differences.",Biomedicines,MDMA; Other serotonergic,pisanu2022,False,False,False,False,False,excluded_classifier_off_topic
36316276,10.1111/bph.15977,2023,Inserra A et al.,Effects of repeated lysergic acid diethylamide (LSD) on the mouse brain endocannabinoidome and gut microbiome.,British journal of pharmacology,LSD,inserra2023c,True,True,False,False,False,in_corpus_no_animal_dose
36407948,10.1021/acsptsci.2c00177,2022,Glatfelter GC et al.,"Structure-Activity Relationships for Psilocybin, Baeocystin, Aeruginascin, and Related Analogues to Produce Pharmacological Effects in Mice.",ACS pharmacology & translational science,Psilocybin/Psilocin,glatfelter2022,False,True,True,True,True,included_in_review
36424433,10.1038/s41593-022-01203-5,2023,Cichon J et al.,Ketamine triggers a switch in excitatory neuronal activity across neocortex.,Nature neuroscience,Ketamine,cichon2023,False,False,False,False,False,excluded_classifier_off_topic
36430623,10.3390/ijms232214148,2022,Shahar O et al.,"Role of 5-HT2A, 5-HT2C, 5-HT1A and TAAR1 Receptors in the Head Twitch Response Induced by 5-Hydroxytryptophan and Psilocybin: Translational Implications.",International journal of molecular sciences,Psilocybin/Psilocin; Other serotonergic,shahar2022,False,True,True,True,True,included_in_review
36469097,10.1007/s00213-022-06286-3,2023,Buzzelli V et al.,Psilocybin mitigates the cognitive deficits observed in a rat model of Fragile X syndrome.,Psychopharmacology,Psilocybin/Psilocin,buzzelli2023,True,True,True,True,True,included_in_review
36476377,10.1016/j.pbb.2022.173500,2023,Qu Y et al.,"Rapid antidepressant-like effect of non-hallucinogenic psychedelic analog lisuride, but not hallucinogenic psychedelic DOI, in lipopolysaccharide-treated mice.","Pharmacology, biochemistry, and behavior",Psychedelic (general),qu2023c,True,True,False,False,False,in_corpus_no_animal_dose
36483521,10.3389/fnbeh.2022.1079746,2022,Pinto L et al.,Corrigendum: An accumulation-of-evidence task using visual pulses for mice navigating in virtual reality.,Frontiers in behavioral neuroscience,Unclassified/possible false positive,pinto2022,False,False,False,False,False,excluded_classifier_false_positive
36499610,10.3390/ijms232315284,2022,Pędzich BD et al.,Psychedelic-Induced Serotonin 2A Receptor Downregulation Does Not Predict Swim Stress Coping in Mice.,International journal of molecular sciences,Psychedelic (general),pedzich20221,True,True,True,True,True,included_in_review
36521179,10.1021/acschemneuro.2c00597,2023,Cunningham MJ et al.,Pharmacological Mechanism of the Non-hallucinogenic 5-HT2A Agonist Ariadne and Analogs.,ACS chemical neuroscience,Other serotonergic; Psychedelic (general),cunningham2023,False,True,True,True,True,included_in_review
36529299,10.1016/j.bbr.2022.114262,2023,Roberts BF et al.,Effect of psilocybin on decision-making and motivation in the healthy rat.,Behavioural brain research,Psilocybin/Psilocin,roberts2023,True,True,True,True,True,included_in_review
36557917,10.3390/molecules27248785,2022,Dumitrascuta M et al.,Bifunctional Peptidomimetic G Protein-Biased Mu-Opioid Receptor Agonist and Neuropeptide FF Receptor Antagonist KGFF09 Shows Efficacy in Visceral Pain without R,"Molecules (Basel, Switzerland)",Unclassified/possible false positive,dumitrascuta2022,False,False,False,False,False,excluded_classifier_false_positive
36561114,10.21769/BioProtoc.4568,2022,Bouchekioua Y et al.,"Conditioned Lick Suppression: Assessing Contextual, Cued, and Context-cue Compound Fear Responses Independently of Locomotor Activity in Mice.",Bio-protocol,Unclassified/possible false positive,bouchekioua2022,False,False,False,False,False,excluded_classifier_false_positive
36627756,10.1111/cns.14054,2023,Wang J et al.,Psilocin suppresses methamphetamine-induced hyperlocomotion and acquisition of conditioned place preference via D2R-mediated ERK signaling.,CNS neuroscience & therapeutics,Psilocybin/Psilocin,wang2023,True,True,True,True,True,included_in_review
36630309,10.1021/acschemneuro.2c00637,2023,Davoudian PA et al.,Shared and Distinct Brain Regions Targeted for Immediate Early Gene Expression by Ketamine and Psilocybin.,ACS chemical neuroscience,Psilocybin/Psilocin; Ketamine,davoudian2023,False,True,True,False,True,excluded_no_behaviour_in_full_text
36631757,10.1186/s12868-022-00766-0,2023,Sun Y et al.,Effects of low-doses of methamphetamine on d-fenfluramine-induced head-twitch response (HTR) in mice during ageing and c-fos expression in the prefrontal cortex,BMC neuroscience,Unclassified/possible false positive,sun2023,False,False,False,False,False,excluded_classifier_false_positive
36686713,10.3389/fphar.2022.1074633,2022,Alper K et al.,Psilocybin sex-dependently reduces alcohol consumption in C57BL/6J mice.,Frontiers in pharmacology,Psilocybin/Psilocin,alper2023,True,True,True,True,True,included_in_review
36704743,10.3389/fpsyt.2022.1041277,2022,Warner-Schmidt J et al.,"Methylone, a rapid acting entactogen with robust anxiolytic and antidepressant-like activity.",Frontiers in psychiatry,Unclassified/possible false positive,warnerschmidt2022,False,False,False,False,False,excluded_classifier_false_positive
36712091,10.1101/2023.01.09.523291,2023,Torrado Pacheco A et al.,Acute psilocybin enhances cognitive flexibility in rats.,bioRxiv : the preprint server for biology,Psilocybin/Psilocin,torrado pacheco2023b,False,True,False,False,False,in_corpus_no_animal_dose
36724866,10.1016/j.neuropharm.2023.109452,2023,Yu ZP et al.,The high frequency oscillation in orbitofrontal cortex is susceptible to phenethylamine psychedelic 25C-NBOMe in male rats.,Neuropharmacology,Other serotonergic; Psychedelic (general),yu2023,True,True,True,True,True,included_in_review
36776953,10.1155/2023/9754939,2023,Engineering JOH,Retracted: Neuroprotective Effects of Probiotic-Supplemented Diet on Cognitive Behavior of 3xTg-AD Mice.,Journal of healthcare engineering,Unclassified/possible false positive,engineering2023,False,False,False,False,False,excluded_classifier_false_positive
36807609,10.1038/s41386-023-01545-z,2023,Torrado Pacheco A et al.,Acute psilocybin enhances cognitive flexibility in rats.,Neuropsychopharmacology : official publication of the Americ,Psilocybin/Psilocin,torrado pacheco2023,True,True,True,True,True,included_in_review
36831704,10.3390/brainsci13020161,2023,Corli G et al.,Pharmaco-Toxicological Effects of Atypical Synthetic Cathinone Mephtetramine (MTTA) in Mice: Possible Reasons for Its Brief Appearance over NPSs Scene.,Brain sciences,Unclassified/possible false positive,corli2023,False,False,False,False,False,excluded_classifier_false_positive
36865251,10.1101/2023.02.19.528997,2023,Rijsketic DR et al.,UNRAVELing the synergistic effects of psilocybin and environment on brain-wide immediate early gene expression in mice.,bioRxiv : the preprint server for biology,Psilocybin/Psilocin,rijsketic2023b,False,True,False,False,False,in_corpus_no_animal_dose
36874002,10.3389/fphar.2023.1021729,2023,Chen Y et al.,Rearing behaviour in the mouse behavioural pattern monitor distinguishes the effects of psychedelics from those of lisuride and TBG.,Frontiers in pharmacology,Psychedelic (general),chen2023,True,True,True,True,True,included_in_review
36884348,10.1016/j.celrep.2023.112203,2023,Lewis V et al.,A non-hallucinogenic LSD analog with therapeutic potential for mood disorders.,Cell reports,LSD; Psychedelic (general),lewis2023,False,True,True,True,True,included_in_review
36985596,10.3390/molecules28062624,2023,Zanikov T et al.,The Effect of Combined Treatment of Psilocybin and Eugenol on Lipopolysaccharide-Induced Brain Inflammation in Mice.,"Molecules (Basel, Switzerland)",Psilocybin/Psilocin,zanikov2023,False,False,False,False,False,excluded_classifier_off_topic
37000971,10.1097/CM9.0000000000002647,2023,Du Y et al.,Psilocybin facilitates fear extinction in mice by promoting hippocampal neuroplasticity.,Chinese medical journal,Psilocybin/Psilocin,du2023,True,True,True,True,True,included_in_review
37015972,10.1038/s41386-023-01572-w,2023,Jefferson SJ et al.,5-MeO-DMT modifies innate behaviors and promotes structural neural plasticity in mice.,Neuropsychopharmacology : official publication of the Americ,DMT; 5-MeO-DMT,jefferson2023,True,True,True,True,True,included_in_review
37036556,10.1007/s10071-023-01769-y,2023,Daniels CW & Balsam PD,Prior experience modifies acquisition trajectories via response-strategy sampling.,Animal cognition,Unclassified/possible false positive,daniels2023,False,False,False,False,False,excluded_classifier_false_positive
37061200,10.1016/j.bbr.2023.114436,2023,de Oliveira RP et al.,Prepulse inhibition of the acoustic startle reflex impairment by 5-HT2A receptor activation in the inferior colliculus is prevented by GABAA receptor blockade i,Behavioural brain research,Other serotonergic,oliveira2023,True,True,True,True,True,included_in_review
37071130,10.1007/s00213-023-06366-y,2023,Tang ZH et al.,The effects of serotonergic psychedelics in synaptic and intrinsic properties of neurons in layer II/III of the orbitofrontal cortex.,Psychopharmacology,Psychedelic (general),tang2023,False,True,True,False,True,excluded_no_behaviour_in_full_text
37082754,10.1021/acsptsci.2c00222,2023,Glatfelter GC et al.,"Receptor Binding Profiles for Tryptamine Psychedelics and Effects of 4-Propionoxy-N,N-dimethyltryptamine in Mice.",ACS pharmacology & translational science,DMT; Other serotonergic; Psychedelic (general),glatfelter2023,False,True,True,True,True,included_in_review
37137306,10.1016/j.cell.2023.04.010,2023,Singh I et al.,Structure-based discovery of conformationally selective inhibitors of the serotonin transporter.,Cell,Unclassified/possible false positive,singh2023b,False,True,False,False,False,in_corpus_no_animal_dose
37164956,10.1038/s41398-023-02456-9,2023,Singh S et al.,Effect of psilocybin on marble burying in ICR mice: role of 5-HT1A receptors and implications for the treatment of obsessive-compulsive disorder.,Translational psychiatry,Psilocybin/Psilocin,singh2023,True,True,True,True,True,included_in_review
37224751,10.1016/j.biopha.2023.114880,2023,Li IH et al.,"Therapeutic effects of methimazole on 3,4-methylenedioxymethamphetamine-induced hyperthermia and serotonergic neurotoxicity.",Biomedicine & pharmacotherapy = Biomedecine & pharmacotherap,MDMA,li2025b,False,True,False,False,False,in_corpus_no_animal_dose
37240429,10.3390/ijms24109086,2023,Baslam A et al.,Modulation of Gut Microbiome in Ecstasy/MDMA-Induced Behavioral and Biochemical Impairment in Rats and Potential of Post-Treatment with Anacyclus pyrethrum L. A,International journal of molecular sciences,MDMA,baslam2023,False,False,False,False,False,excluded_compound_filter_MDMA
37248402,10.1038/s41386-023-01613-4,2023,Rijsketic DR et al.,UNRAVELing the synergistic effects of psilocybin and environment on brain-wide immediate early gene expression in mice.,Neuropsychopharmacology : official publication of the Americ,Psilocybin/Psilocin,rijsketic2023,True,True,True,True,True,included_in_review
37266686,10.1007/s00213-023-06384-w,2023,Benvenuti F et al.,Psilocybin prevents reinstatement of alcohol seeking by disrupting the reconsolidation of alcohol-related memories.,Psychopharmacology,Psilocybin/Psilocin,benvenuti2023,True,True,True,True,True,included_in_review
37280397,10.1038/s41593-023-01316-5,2023,Moliner R et al.,Psychedelics promote plasticity by directly binding to BDNF receptor TrkB.,Nature neuroscience,Psychedelic (general),moliner2023,True,True,True,True,True,included_in_review
37287797,10.3389/fnins.2023.1168911,2023,Liu J et al.,Acute psilocybin increased cortical activities in rats.,Frontiers in neuroscience,Psilocybin/Psilocin,liu2023c,False,True,False,False,False,in_corpus_no_animal_dose
37298250,10.3390/ijms24119300,2023,Estrada-Sánchez AM et al.,Selective Activation of D3 Dopamine Receptors Ameliorates DOI-Induced Head Twitching Accompanied by Changes in Corticostriatal Processing.,International journal of molecular sciences,"DOI (2,5-dimethoxy-4-iodoamphetamine)",estrada-sánchez2023,False,True,True,True,True,included_in_review
37314732,10.1083/jcb.202305022,2023,Goranci-Buzhala G & Niessen CM,Calling long distance: Cell cycle-dependent Ca2+ flows connect stem cells across regeneration tissues.,The Journal of cell biology,Unclassified/possible false positive,gorancibuzhala2023,False,False,False,False,False,excluded_classifier_false_positive
37316665,10.1038/s41586-023-06204-3,2023,Nardou R et al.,Psychedelics reopen the social reward learning critical period.,Nature,Psychedelic (general),nardou2023,True,True,True,True,True,included_in_review
37321559,10.1002/dta.3530,2024,Brandt SD et al.,"Analytical and behavioral characterization of N-ethyl-N-isopropyllysergamide (EIPLA), an isomer of N6 -ethylnorlysergic acid N,N-diethylamide (ETH-LAD).",Drug testing and analysis,LSD,brandt2024,False,False,False,False,False,excluded_classifier_off_topic
37379962,10.1016/j.phrs.2023.106837,2023,Chen T et al.,Molecular mechanisms of rapid-acting antidepressants: New perspectives for developing antidepressants.,Pharmacological research,Unclassified/possible false positive,chen2023c,False,True,False,False,False,in_corpus_no_animal_dose
37388369,10.1155/2023/9792454,2023,International BR,Retracted: Red Raspberry Extract Decreases Depression-Like Behavior in Rats by Modulating Neuroinflammation and Oxidative Stress.,BioMed research international,Unclassified/possible false positive,international2023,False,False,False,False,False,excluded_classifier_false_positive
37401967,10.1007/s00210-023-02591-6,2024,Gergs U et al.,Lysergic acid diethylamide stimulates cardiac human H2 histamine and cardiac human 5-HT4-serotonin receptors.,Naunyn-Schmiedeberg's archives of pharmacology,LSD,gergs2024,False,True,True,False,True,excluded_no_behaviour_in_full_text
37420087,10.1038/s41596-023-00842-7,2023,Ding L et al.,Opto-juxtacellular interrogation of neural circuits in freely moving mice.,Nature protocols,Unclassified/possible false positive,ding2023,False,False,False,False,False,excluded_classifier_false_positive
37425017,10.3389/fnins.2023.1152578,2023,Tylš F et al.,Underlying pharmacological mechanisms of psilocin-induced broadband desynchronization and disconnection of EEG in rats.,Frontiers in neuroscience,Psilocybin/Psilocin,tyl2023,False,True,True,False,True,excluded_no_behaviour_in_full_text
37458746,10.1289/EHP11514,2023,Ducroq S et al.,"Behavior, Neural Structure, and Metabolism in Adult Male Mice Exposed to Environmentally Relevant Doses of Di(2-ethylhexyl) Phthalate Alone or in a Phthalate Mi",Environmental health perspectives,Unclassified/possible false positive,ducroq2023,False,False,False,False,False,excluded_classifier_false_positive
37461593,10.21203/rs.3.rs-3138705/v1,2023,Takaba R et al.,Ethopharmacological evaluation of antidepressant-like effect of serotonergic psychedelics in C57BL/6J male mice.,Research square,Psychedelic (general),takaba2023,True,True,True,True,True,included_in_review
37464162,10.1007/978-1-0716-3307-6_5,2023,Unzueta-Larrinaga P & Urigüen L,Evaluation of Sensorimotor Gating Deficits in Mice Through Prepulse Inhibition (PPI) of the Startle Response.,"Methods in molecular biology (Clifton, N.J.)",Unclassified/possible false positive,unzuetalarrinaga2023,False,False,False,False,False,excluded_classifier_false_positive
37464163,10.1007/978-1-0716-3307-6_6,2023,Jaster AM & González-Maeso J,Automated Detection of Psychedelic-Induced Head-Twitch Response in Mice.,"Methods in molecular biology (Clifton, N.J.)",Psychedelic (general),jaster2023,False,False,False,False,False,included_in_review
37475559,10.2174/1570159X21666230720122354,2024,Bright Y et al.,The Natural Protoalkaloid Methyl-2-Amino-3-Methoxybenzoate (MAM) Alleviates Positive as well as Cognitive Symptoms in Rat and Mouse Schizophrenia Models.,Current neuropharmacology,Unclassified/possible false positive,bright2024,False,False,False,False,False,excluded_classifier_false_positive
37479015,10.1016/j.ejphar.2023.175926,2023,Ferri BG et al.,Psychoactive substances 25H-NBOMe and 25H-NBOH induce antidepressant-like behavior in male rats.,European journal of pharmacology,Other serotonergic,ferri2023,True,True,True,True,True,included_in_review
37495733,10.1038/s42003-023-05093-6,2023,Brys I et al.,5-HT2AR and NMDAR psychedelics induce similar hyper-synchronous states in the rat cognitive-limbic cortex-basal ganglia system.,Communications biology,Other serotonergic; Psychedelic (general),brys2023,True,True,True,True,True,included_in_review
37530897,10.1007/s11306-023-02034-6,2023,van de Wetering R et al.,Behavioral metabolomics: how behavioral data can guide metabolomics research on neuropsychiatric disorders.,Metabolomics : Official journal of the Metabolomic Society,Unclassified/possible false positive,vandewetering2023,False,False,False,False,False,excluded_classifier_false_positive
37570816,10.3390/molecules28155846,2023,Zhang L et al.,Elucidation of Pharmacological Mechanism Underlying the Anti-Alzheimer's Disease Effects of Evodia rutaecarpa and Discovery of Novel Lead Molecules: An In Silic,"Molecules (Basel, Switzerland)",Unclassified/possible false positive,zhang2025b,False,True,False,False,False,in_corpus_no_animal_dose
37577474,10.1101/2023.07.29.551106,2023,Wallach J et al.,Identification of 5-HT2A Receptor Signaling Pathways Responsible for Psychedelic Potential.,bioRxiv : the preprint server for biology,Other serotonergic; Psychedelic (general),wallach2023c,False,True,False,False,False,in_corpus_no_animal_dose
37579623,10.1016/j.drugalcdep.2023.110917,2023,Gannon BM et al.,"Effects of ambient temperature on locomotor activity and place conditioning elicited by abused psychostimulants in mice: Role of 3,4-methylenedioxy moiety.",Drug and alcohol dependence,Unclassified/possible false positive,gannon2023,False,False,False,False,False,excluded_classifier_false_positive
37580441,10.1007/s00213-023-06444-1,2023,Caine SB et al.,"Sprague Dawley rats from different vendors vary in the modulation of prepulse inhibition of startle (PPI) by dopamine, acetylcholine, and glutamate drugs.",Psychopharmacology,Unclassified/possible false positive,caine2023,False,False,False,False,False,excluded_classifier_false_positive
37588757,10.1021/acsptsci.3c00123,2023,Jones NT et al.,Transient Elevation of Plasma Glucocorticoids Supports Psilocybin-Induced Anxiolysis in Mice.,ACS pharmacology & translational science,Psilocybin/Psilocin,jones2023,True,True,True,True,True,included_in_review
37594163,10.1080/02791072.2023.2246459,2023,Escamilla R et al.,A Proposal to Study the Safety and Efficacy of Psilocybe cubensis in Preclinical and Clinical Studies as a Therapeutic Alternative for Major Depressive Disorder,Journal of psychoactive drugs,Psilocybin/Psilocin,escamilla2023,False,False,False,False,False,excluded_classifier_off_topic
37600151,10.1016/j.dadr.2023.100182,2023,Hill RD et al.,Locomotor and discriminative stimulus effects of three benzofuran compounds in comparison to abused psychostimulants.,Drug and alcohol dependence reports,Unclassified/possible false positive,hill2025b,False,True,False,False,False,in_corpus_no_animal_dose
37621486,10.1155/2023/9864516,2023,And Biomechanics AB,Retracted: Experimental Study on the Central Mechanism of Penehyclidine Hydrochloride against Relapse Behavior in Morphine-Dependent Rats.,Applied bionics and biomechanics,Unclassified/possible false positive,andbiomechanics2023,False,False,False,False,False,excluded_classifier_false_positive
37713589,10.1002/tox.23973,2024,Chen F et al.,Resveratrol alleviates perinatal methylmercury-induced neurobehavioral impairments by modulating the gut microbiota composition and neurotransmitter disturbance,Environmental toxicology,Unclassified/possible false positive,chen2023b,False,True,False,False,False,in_corpus_no_animal_dose
37752222,10.1038/s41386-023-01744-8,2024,Kelly TJ et al.,Psilocybin analog 4-OH-DiPT enhances fear extinction and GABAergic inhibition of principal neurons in the basolateral amygdala.,Neuropsychopharmacology : official publication of the Americ,Psilocybin/Psilocin,kelly2024,True,True,True,True,True,included_in_review
37783788,10.1038/s41380-023-02280-z,2023,Kiilerich KF et al.,"Repeated low doses of psilocybin increase resilience to stress, lower compulsive actions, and strengthen cortical connections to the paraventricular thalamic nu",Molecular psychiatry,Psilocybin/Psilocin,kiilerich2023,True,True,True,True,True,included_in_review
37796530,10.1289/EHP12532,2023,Peng X et al.,Characterization of Anxiety-Like Behaviors and Neural Circuitry following Chronic Moderate Noise Exposure in Mice.,Environmental health perspectives,Unclassified/possible false positive,peng2023,False,False,False,False,False,excluded_classifier_false_positive
37808655,10.1101/2023.09.25.559347,2023,Chiu YT et al.,A suite of engineered mice for interrogating psychedelic drug actions.,bioRxiv : the preprint server for biology,Psychedelic (general),chiu2023,False,True,True,True,True,included_in_review
37829630,10.1155/2023/9791863,2023,And Alternative Medicine EC,Retracted: Total Saikosaponins Attenuates Depression-Like Behaviors Induced by Chronic Unpredictable Mild Stress in Rats by Regulating the PI3K/AKT/NF-κB Signal,Evidence-based complementary and alternative medicine : eCAM,Unclassified/possible false positive,andalternativemedicine2023,False,False,False,False,False,excluded_classifier_false_positive
37841918,10.3389/fphar.2023.1140656,2023,Egger K et al.,A pilot study of cerebral metabolism and serotonin 5-HT2A receptor occupancy in rats treated with the psychedelic tryptamine DMT in conjunction with the MAO inh,Frontiers in pharmacology,DMT; Other serotonergic; Psychedelic (general),egger2023,False,True,True,False,True,excluded_no_behaviour_in_full_text
37842884,10.1177/02698811231205692,2023,Malikowska-Racia N et al.,Acute but not long-lasting antidepressant-like effect of psilocybin in differential reinforcement of low-rate 72 schedule in rats.,"Journal of psychopharmacology (Oxford, England)",Psilocybin/Psilocin,malikowska-racia2023,False,True,True,True,True,included_in_review
37844631,10.1016/j.pbb.2023.173659,2023,Liu G et al.,"Prophylactic effects of arketamine, but not hallucinogenic psychedelic DOI nor non-hallucinogenic psychedelic analog lisuride, in lipopolysaccharide-treated mic","Pharmacology, biochemistry, and behavior",Psychedelic (general),liu2023,True,True,True,True,True,included_in_review
37854624,10.1021/acsptsci.3c00137,2023,Tyagi R et al.,"The Psychedelic N,N-Dipropyltryptamine Prevents Seizures in a Mouse Model of Fragile X Syndrome via a Mechanism that Appears Independent of Serotonin and Sigma1",ACS pharmacology & translational science,Psychedelic (general),tyagi2023,False,True,True,True,True,included_in_review
37855864,10.1007/s00213-023-06474-9,2025,Rahbarnia A et al.,"Effects of psilocybin, the 5-HT2A receptor agonist TCB-2, and the 5-HT2A receptor antagonist M100907 on visual attention in male mice in the continuous performa",Psychopharmacology,Psilocybin/Psilocin; Other serotonergic,rahbarnia2025,True,True,True,True,True,included_in_review
37874338,10.1007/s00210-023-02778-x,2024,Takaba R et al.,Ethopharmacological evaluation of antidepressant-like effect of serotonergic psychedelics in C57BL/6J male mice.,Naunyn-Schmiedeberg's archives of pharmacology,Psychedelic (general),takaba2023b,True,True,False,False,False,in_corpus_no_animal_dose
37882810,10.1007/s00213-023-06482-9,2025,Custodio RJP et al.,Serotonin 2C receptors are also important in head-twitch responses in male mice.,Psychopharmacology,Unclassified/possible false positive,custodio2025,True,True,True,True,True,included_in_review
37882914,10.1007/s43440-023-00542-9,2023,Kolasa M & Faron-Górecka A,Preclinical models of treatment-resistant depression: challenges and perspectives.,Pharmacological reports : PR,Unclassified/possible false positive,kolasa2023,False,False,False,False,False,excluded_classifier_false_positive
37900918,10.3389/fmolb.2023.1233743,2023,Pogorelov VM et al.,The G protein biased serotonin 5-HT2A receptor agonist lisuride exerts anti-depressant drug-like activities in mice.,Frontiers in molecular biosciences,Other serotonergic,pogorelov2023,True,True,True,True,True,included_in_review
37927603,10.3389/fphar.2023.1318323,2023,Li C et al.,Corrigendum: Lactobacillus reuteri strain 8008 attenuated the aggravation of depressive-like behavior induced by CUMS in high-fat diet-fed mice through regulati,Frontiers in pharmacology,Unclassified/possible false positive,li2025d,False,True,False,False,False,in_corpus_no_animal_dose
37934233,10.1007/s00406-023-01699-3,2024,Iorgu AM et al.,Psilocybin does not induce the vulnerability marker HSP70 in neurons susceptible to Olney's lesions.,European archives of psychiatry and clinical neuroscience,Psilocybin/Psilocin,iorgu2024,False,True,True,False,True,excluded_no_behaviour_in_full_text
37956855,10.1016/j.nbd.2023.106348,2023,Qu Y et al.,"Role of the gut-brain axis via the subdiaphragmatic vagus nerve in stress resilience of 3,4-methylenedioxymethamphetamine in mice exposed to chronic restrain st",Neurobiology of disease,MDMA,qu2023b,False,True,False,False,False,in_corpus_no_animal_dose
37977425,10.1016/j.jep.2023.117415,2024,Hernandez-Leon A et al.,Antidepressant- and anxiolytic-like activities and acute toxicity evaluation of the Psilocybe cubensis mushroom in experimental models in mice.,Journal of ethnopharmacology,Psilocybin/Psilocin,hernandezleon2024,True,True,True,True,True,included_in_review
38025385,10.3389/fnbeh.2023.1327758,2023,Unknown,"Erratum: Being friendly: paced mating for the study of physiological, behavioral, and neuroplastic changes induced by sexual behavior in females.",Frontiers in behavioral neuroscience,Unclassified/possible false positive,unknown2023,False,False,False,False,False,excluded_classifier_false_positive
38056461,10.1016/j.cub.2023.11.018,2023,Angelakos CC et al.,A cluster of neuropeptide S neurons regulates breathing and arousal.,Current biology : CB,Unclassified/possible false positive,angelakos2023,False,False,False,False,False,excluded_classifier_false_positive
38094347,10.1155/2023/9869104,2023,Methods In Medicine CAM,Retracted: Influence of Melatonin on Behavioral and Neurological Function of Rats with Focal Cerebral Ischemia-Reperfusion Injury via the JNK/FoxO3a/Bim Pathway,Computational and mathematical methods in medicine,Unclassified/possible false positive,methodsinmedicine2023,False,False,False,False,False,excluded_classifier_false_positive
38094466,10.1155/2023/9847091,2023,Methods In Medicine CAM,Retracted: Long Noncoding RNA LINC00473 Ameliorates Depression-Like Behaviors in Female Mice by Acting as a Molecular Sponge to Regulate miR-497-5p/BDNF Axis.,Computational and mathematical methods in medicine,Unclassified/possible false positive,methodsinmedicine2023,False,False,False,False,False,excluded_classifier_false_positive
38097569,10.1038/s41398-023-02690-1,2023,Reinwald JR et al.,Psilocybin-induced default mode network hypoconnectivity is blunted in alcohol-dependent rats.,Translational psychiatry,Psilocybin/Psilocin,reinwald2023,True,True,True,False,True,excluded_no_behaviour_in_full_text
38102107,10.1038/s41467-023-44016-1,2023,Wallach J et al.,Identification of 5-HT2A receptor signaling pathways associated with psychedelic potential.,Nature communications,Other serotonergic; Psychedelic (general),wallach2023b,False,True,False,False,False,in_corpus_no_animal_dose
38110146,10.1016/j.neulet.2023.137597,2024,Vargas-Perez H et al.,Rewarding Effects of the Hallucinogen 4-AcO-DMT Administration and Withdrawal in Rats: A Challenge to the Opponent-Process Theory.,Neuroscience letters,DMT; Psychedelic (general),vargas-perez2024,False,True,True,True,True,included_in_review
38113836,10.1016/j.cub.2023.10.016,2023,Kolbman N et al.,Intravenous psilocybin attenuates mechanical hypersensitivity in a rat model of chronic pain.,Current biology : CB,Psilocybin/Psilocin,kolbman2023,True,True,True,True,True,included_in_review
38115411,10.1103/PhysRevE.108.L052301,2023,Rabus A et al.,Changes in functional connectivity preserve scale-free neuronal and behavioral dynamics.,Physical review. E,Unclassified/possible false positive,rabus2023,False,False,False,False,False,excluded_classifier_false_positive
38154589,10.1016/j.pbb.2023.173703,2024,Fletcher PJ et al.,Established sensitization of ethanol-induced locomotor activity is not reversed by psilocybin or the 5-HT2A receptor agonist TCB-2 in male DBA/2J mice.,"Pharmacology, biochemistry, and behavior",Psilocybin/Psilocin; Other serotonergic,fletcher2024,False,True,True,True,True,included_in_review
38184028,10.1016/j.jep.2024.117710,2024,Lauria PSS et al.,Ayahuasca and its major component harmine promote antinociceptive effects in mouse models of acute and chronic pain.,Journal of ethnopharmacology,Ayahuasca,lauria2024,False,True,True,True,True,included_in_review
38184069,10.1016/j.neuroscience.2024.01.001,2024,Funk D et al.,Effect of a single psilocybin treatment on Fos protein expression in male rat brain.,Neuroscience,Psilocybin/Psilocin,funk2024,False,False,False,False,False,excluded_classifier_off_topic
38189238,10.1021/acschemneuro.3c00610,2024,Sherwood AM et al.,Psychedelic-like Activity of Norpsilocin Analogues.,ACS chemical neuroscience,Psychedelic (general),sherwood2024,False,True,True,True,True,included_in_review
38198569,10.1126/scitranslmed.adi2403,2024,Hinchcliffe JK et al.,Rapid-acting antidepressant drugs modulate affective bias in rats.,Science translational medicine,Unclassified/possible false positive,hinchcliffe2024,True,True,True,True,True,included_in_review
38203271,10.3390/ijms25010100,2023,Wojtas A et al.,Limbic System Response to Psilocybin and Ketamine Administration in Rats: A Neurochemical and Behavioral Study.,International journal of molecular sciences,Psilocybin/Psilocin; Ketamine,wojtas2024,True,True,True,True,True,included_in_review
38203411,10.3390/ijms25010241,2023,Wojtas A & Gołembiowska K,Molecular and Medical Aspects of Psychedelics.,International journal of molecular sciences,Psychedelic (general),wojtas2023,False,False,False,False,False,excluded_classifier_off_topic
38212441,10.1038/s41386-024-01794-6,2024,Sekssaoui M et al.,Antidepressant-like effects of psychedelics in a chronic despair mouse model: is the 5-HT2A receptor the unique player?,Neuropsychopharmacology : official publication of the Americ,Other serotonergic; Psychedelic (general),sekssaoui2024,True,True,True,True,True,included_in_review
38214743,10.1007/s00213-024-06526-8,2024,Bassi M et al.,"Pharmaco-toxicological effects of the novel tryptamine hallucinogen 5-MeO-MiPT on motor, sensorimotor, physiological, and cardiorespiratory parameters in mice-f",Psychopharmacology,Other serotonergic; Psychedelic (general),bassi2024,False,True,True,True,True,included_in_review
38230141,10.1155/2024/9782385,2024,International BR,Retracted: Role of 5-Hydroxytryptamine and Intestinal Flora on Depressive-Like Behavior Induced by Lead Exposure in Rats.,BioMed research international,Unclassified/possible false positive,international2024,False,False,False,False,False,excluded_classifier_false_positive
38236234,10.1037/bne0000579,2024,Ghofrani-Jahromi Z et al.,Psilocybe cubensis extract potently prevents fear memory recall and freezing behavior in short- but not long-term in a rat model of posttraumatic stress disorde,Behavioral neuroscience,Psilocybin/Psilocin,ghofrani-jahromi2024,False,True,True,True,True,included_in_review
38253116,10.1016/j.ejphar.2024.176329,2024,Arias HR et al.,"The novel non-hallucinogenic compound DM506 (3-methyl-1,2,3,4,5,6-hexahydroazepino[4,5-b]indole) induces sedative- and anxiolytic-like activity in mice by a mec",European journal of pharmacology,Other serotonergic; Psychedelic (general),arias2024,False,False,False,False,False,pdf_unavailable_relevant
38255760,10.3390/ijms25020687,2024,Villalba S et al.,5-HT2A Receptor Knockout Mice Show Sex-Dependent Differences following Acute Noribogaine Administration.,International journal of molecular sciences,Ibogaine; Other serotonergic,villalba2024,True,True,True,True,True,included_in_review
38264637,10.3389/fpsyt.2023.1303365,2023,Jones NT et al.,In vivo validation of psilacetin as a prodrug yielding modestly lower peripheral psilocin exposure than psilocybin.,Frontiers in psychiatry,Psilocybin/Psilocin,jones2023b,False,True,False,False,False,in_corpus_no_animal_dose
38272669,10.1124/jpet.123.001837,2024,Johnson CB et al.,"Novel Benzofuran Derivatives Induce Monoamine Release and Substitute for the Discriminative Stimulus Effects of 3,4-Methylenedioxymethamphetamine.",The Journal of pharmacology and experimental therapeutics,MDMA,johnson2024,False,False,False,False,False,excluded_compound_filter_MDMA
38272671,10.1124/jpet.123.001942,2024,Shaw HE et al.,Phencyclidine-Like Abuse Liability and Psychosis-Like Neurocognitive Effects of Novel Arylcyclohexylamine Drugs of Abuse in Rodents.,The Journal of pharmacology and experimental therapeutics,Unclassified/possible false positive,shaw2024,False,False,False,False,False,excluded_classifier_false_positive
38281278,10.1007/s12264-023-01172-0,2024,Shi Y et al.,Gating of Social Behavior by Inhibitory Inputs from Hippocampal CA1 to Retrosplenial Agranular Cortex.,Neuroscience bulletin,Unclassified/possible false positive,shi2024,False,False,False,False,False,excluded_classifier_false_positive
38298796,10.1016/j.bpsgos.2023.07.008,2024,Ivan VE et al.,The Nonclassic Psychedelic Ibogaine Disrupts Cognitive Maps.,Biological psychiatry global open science,Ibogaine; Psychedelic (general),ivan2024,False,True,True,True,True,included_in_review
38320596,10.1111/bph.16315,2024,Werle I et al.,Ayahuasca-enhanced extinction of fear behaviour: Role of infralimbic cortex 5-HT2A and 5-HT1A receptors.,British journal of pharmacology,Ayahuasca; Other serotonergic,werle2024,True,True,True,True,True,included_in_review
38321122,10.1038/s41380-024-02439-2,2024,Šabanović M et al.,"Lasting dynamic effects of the psychedelic 2,5-dimethoxy-4-iodoamphetamine ((±)-DOI) on cognitive flexibility.",Molecular psychiatry,"DOI (2,5-dimethoxy-4-iodoamphetamine); Psychedelic (general)",sabanovic2024,True,True,True,True,True,included_in_review
38345609,10.1007/s00210-024-02997-w,2024,Takaba R et al.,Correction: Ethopharmacological evaluation of antidepressant-like effect of serotonergic psychedelics in C57BL/6J male mice.,Naunyn-Schmiedeberg's archives of pharmacology,Psychedelic (general),takaba2023c,False,True,False,False,False,in_corpus_no_animal_dose
38378926,10.1038/s41380-024-02477-w,2024,Shahar O et al.,Effect of chemically synthesized psilocybin and psychedelic mushroom extract on molecular and metabolic profiles in mouse brain.,Molecular psychiatry,Psilocybin/Psilocin; Psychedelic (general),shahar2024,False,True,True,True,True,included_in_review
38397173,10.3390/genes15020183,2024,Gojani EG et al.,The Impact of Psilocybin on High Glucose/Lipid-Induced Changes in INS-1 Cell Viability and Dedifferentiation.,Genes,Psilocybin/Psilocin,gojani2024,False,False,False,False,False,excluded_classifier_off_topic
38405722,10.1101/2024.02.09.579718,2024,Silverstein BH et al.,Psilocybin induces dose-dependent changes in functional network organization in rat cortex.,bioRxiv : the preprint server for biology,Psilocybin/Psilocin,silverstein2025b,False,True,False,False,False,in_corpus_no_animal_dose
38438127,10.30802/AALAS-CM-24-000009,2024,Vaughan LD et al.,Erratum: AC-DC Electropenetrography as a Tool to Quantify Probing and Ingestion Behaviors of the Yellow Fever Mosquito (Aedes aegypti) on Mice in Biocontainment,Comparative medicine,Unclassified/possible false positive,vaughan2024,False,False,False,False,False,excluded_classifier_false_positive
38467891,10.1007/s00213-024-06572-2,2024,Castro-Nin JP et al.,Noribogaine acute administration in rats promotes wakefulness and suppresses REM sleep.,Psychopharmacology,Ibogaine,castronin2024,True,True,True,True,True,included_in_review
38481684,10.1021/acsptsci.3c00192,2024,Glatfelter GC et al.,Comparative Pharmacological Effects of Lisuride and Lysergic Acid Diethylamide Revisited.,ACS pharmacology & translational science,LSD,glatfelter2024,False,True,True,True,True,excluded_no_behaviour_in_full_text
38486047,10.1038/s41380-024-02506-8,2024,Puigseslloses P et al.,Structure-activity relationships of serotonergic 5-MeO-DMT derivatives: insights into psychoactive and thermoregulatory properties.,Molecular psychiatry,DMT; 5-MeO-DMT,puigseslloses2024,True,True,True,False,False,in_corpus_no_animal_dose
38486472,10.1093/sxmrev/qeae010,2024,Mott MN & Goeders NE,Sexual effects of commonly used recreational psychostimulants in women and the female rat model.,Sexual medicine reviews,Unclassified/possible false positive,mott2024,False,False,False,False,False,excluded_classifier_false_positive
38518271,10.1097/MJT.0000000000001722,2024,Shinozuka K et al.,"Psychedelic Therapy: A Primer for Primary Care Clinicians-3,4-Methylenedioxy-methamphetamine (MDMA).",American journal of therapeutics,MDMA; Psychedelic (general),shinozuka2024,False,False,False,False,False,excluded_classifier_off_topic
38546531,10.1093/ijnp/pyae016,2024,Piras G et al.,"Characterization of the Neurochemical and Behavioral Effects of the Phenethylamine 2-Cl-4,5-MDMA in Adolescent and Adult Male Rats.",The international journal of neuropsychopharmacology,MDMA; Other serotonergic,piras2024,False,False,False,False,False,excluded_classifier_off_topic
38551947,10.1371/journal.pone.0301717,2024,Unknown,"Correction: The behavioral sensitivity of mice to acyclic, monocyclic, and bicyclic monoterpenes.",PloS one,Unclassified/possible false positive,unknown2024,False,False,False,False,False,excluded_classifier_false_positive
38569566,10.1002/dta.3691,2025,Kavanagh PV et al.,Analytical and behavioral characterization of 1-dodecanoyl-LSD (1DD-LSD).,Drug testing and analysis,LSD,kavanagh2025,False,False,False,False,False,excluded_classifier_off_topic
38587377,10.1097/JCMA.0000000000001087,2024,Chiu CH et al.,"Dextromethorphan moderates reward deficiency associated with central serotonin transporter availability in 3,4-methylenedioxy-methamphetamine-treated animals.",Journal of the Chinese Medical Association : JCMA,Unclassified/possible false positive,chiu2023,False,True,True,True,True,included_in_review
38636726,10.1016/j.neuropharm.2024.109949,2024,Krupp KT et al.,Single administration of a psychedelic [(R)-DOI] influences coping strategies to an escapable social stress.,Neuropharmacology,Psychedelic (general),krupp2024,False,True,True,True,True,included_in_review
38644550,10.1111/bph.16368,2025,Muneta-Arrate I et al.,Ligand bias and inverse agonism on 5-HT2A receptor-mediated modulation of G protein activity in post-mortem human brain.,British journal of pharmacology,Other serotonergic,munetaarrate2025,False,False,False,False,False,excluded_classifier_off_topic
38657057,10.1126/sciadv.adl6554,2024,Rein B et al.,MDMA enhances empathy-like behaviors in mice via 5-HT release in the nucleus accumbens.,Science advances,MDMA,rein2024,False,False,False,False,False,excluded_compound_filter_MDMA
38660396,10.1016/j.isci.2024.109686,2024,Harari R et al.,Psilocybin induces acute anxiety and changes in amygdalar phosphopeptides independently from the 5-HT2A receptor.,iScience,Psilocybin/Psilocin; Other serotonergic,harari2024,True,True,True,True,True,included_in_review
38678087,10.1038/s41380-024-02575-9,2024,Conn K et al.,Psilocybin restrains activity-based anorexia in female rats by enhancing cognitive flexibility: contributions from 5-HT1A and 5-HT2A receptor mechanisms.,Molecular psychiatry,Psilocybin/Psilocin; Other serotonergic,conn2024,True,True,True,True,True,included_in_review
38680011,10.1177/02698811241249436,2024,Zhao X et al.,Psilocybin promotes neuroplasticity and induces rapid and sustained antidepressant-like effects in mice.,"Journal of psychopharmacology (Oxford, England)",Psilocybin/Psilocin,zhao2024,True,True,True,True,True,included_in_review
38682110,10.3892/etm.2024.12541,2024,Song JH et al.,Erratum: [Corrigendum] Hydrogen gas post‑conditioning alleviates cognitive dysfunction and anxiety‑like behavior in a rat model of subarachnoid hemorrhage.,Experimental and therapeutic medicine,Unclassified/possible false positive,song2025b,False,True,False,False,False,in_corpus_no_animal_dose
38698823,10.3389/fphar.2024.1391412,2024,Lerer E et al.,"Effects of psilocybin, psychedelic mushroom extract and 5-hydroxytryptophan on brain immediate early gene expression: Interaction with serotonergic receptor mod",Frontiers in pharmacology,Psilocybin/Psilocin; Psychedelic (general),lerer2024,False,True,True,True,True,included_in_review
38703387,10.1093/brain/awae136,2024,Jeanblanc J et al.,Psilocybin reduces alcohol self-administration via selective left nucleus accumbens activation in rats.,Brain : a journal of neurology,Psilocybin/Psilocin,jeanblanc2024,True,True,True,True,True,included_in_review
38712161,10.1101/2024.04.19.589047,2025,Glynos NG et al.,"Neurochemical and Neurophysiological Effects of Intravenous Administration of N,N-Dimethyltryptamine in Rats.",bioRxiv : the preprint server for biology,DMT,glynos2026b,False,True,False,False,False,in_corpus_no_animal_dose
38720072,10.1038/s41586-024-07403-2,2024,Warren AL et al.,Structural pharmacology and therapeutic potential of 5-methoxytryptamines.,Nature,Unclassified/possible false positive,warren2024,True,True,True,True,True,included_in_review
38722542,10.1007/s43440-024-00599-0,2024,Kuczyńska K et al.,"MDPV (3,4-methylenedioxypyrovalerone) administered to mice during development of the central nervous system produces persistent learning and memory impairments.",Pharmacological reports : PR,Unclassified/possible false positive,kuczyska2024,False,False,False,False,False,excluded_classifier_false_positive
38726128,10.1016/j.heliyon.2024.e29979,2024,Barbosa-Méndez S & Salazar-Juárez A,Evaluation of multitarget drugs on the expression of cocaine-induced locomotor sensitization in male rats: A comparative study.,Heliyon,Unclassified/possible false positive,barbosamndez2024,False,False,False,False,False,excluded_classifier_false_positive
38741590,10.3389/fphar.2024.1391689,2024,Thomann J et al.,In vitro and in vivo metabolism of psilocybin's active metabolite psilocin.,Frontiers in pharmacology,Psilocybin/Psilocin,thomann2024,False,True,True,False,True,excluded_no_behaviour_in_full_text
38758589,10.1021/acschemneuro.4c00058,2024,Bryson N et al.,"RE104: Synthesis and Activity of a Novel Serotonergic Psychedelic Prodrug of 4-Hydroxy-N,N-diisopropyltryptamine.",ACS chemical neuroscience,Psychedelic (general),bryson2024,False,True,True,True,True,included_in_review
38760450,10.1038/s41598-024-61474-9,2024,Souza AC et al.,5-MeO-DMT induces sleep-like LFP spectral signatures in the hippocampus and prefrontal cortex of awake rats.,Scientific reports,DMT; 5-MeO-DMT,souza2024,False,True,True,True,True,included_in_review
38777263,10.1016/j.bbr.2024.115051,2024,Nikolaus S et al.,"5-HT1A and 5-HT2A receptor effects on recognition memory, motor/exploratory behaviors, emotionality and regional dopamine transporter binding in the rat.",Behavioural brain research,Other serotonergic,nikolaus2024,False,True,True,True,True,included_in_review
38780587,10.1037/bne0000593,2024,Youn DH et al.,"N-tert-butoxycarbonyl-methylenedioxymethamphetamine, an methylenedioxymethamphetamine derivative, exhibits rewarding and reinforcing effects by increasing dopam",Behavioral neuroscience,MDMA,youn2024,False,False,False,False,False,excluded_compound_filter_MDMA
38788435,10.1016/j.ejps.2024.106803,2024,Witowski CG et al.,"Novel extended-release transdermal formulations of the psychedelic N,N-dimethyltryptamine (DMT).",European journal of pharmaceutical sciences : official journ,DMT; Psychedelic (general),witowski2024,False,True,True,True,True,included_in_review
38798353,10.1101/2023.09.06.556431,2024,Zhang R et al.,"Rapid, biochemical tagging of cellular activity history in vivo.",bioRxiv : the preprint server for biology,Unclassified/possible false positive,zhang2026c,False,True,False,False,False,in_corpus_no_animal_dose
38810366,10.1152/jn.00124.2024,2024,Brockett AT & Francis NA,Psilocybin decreases neural responsiveness and increases functional connectivity while preserving pure-tone frequency selectivity in mouse auditory cortex.,Journal of neurophysiology,Psilocybin/Psilocin,brockett2024,True,True,True,True,True,included_in_review
38825326,10.1111/bph.16466,2024,Rakoczy RJ et al.,Pharmacological and behavioural effects of tryptamines present in psilocybin-containing mushrooms.,British journal of pharmacology,Psilocybin/Psilocin,rakoczy2024,True,True,True,True,True,included_in_review
38826215,10.1101/2024.05.23.590306,2024,Aboharb F et al.,Classification of psychedelics and psychoactive drugs based on brain-wide imaging of cellular c-Fos expression.,bioRxiv : the preprint server for biology,Psychedelic (general),aboharb2025b,False,True,False,False,False,in_corpus_no_animal_dose
38826361,10.1101/2024.05.21.595211,2024,Ozols AB et al.,Activity of prefrontal cortex serotonin 2A receptor expressing neurons is necessary for the head-twitch response of mice to psychedelic drug DOI in a sex-depend,bioRxiv : the preprint server for biology,Psychedelic (general),ozols2024,False,True,True,True,True,included_in_review
38838988,10.1016/j.neuint.2024.105785,2024,Looschen K et al.,Novel psychoplastogen DM506 reduces cue-induced heroin-seeking and inhibits tonic GABA currents in the Prelimbic Cortex.,Neurochemistry international,Unclassified/possible false positive,looschen2024,False,False,False,False,False,excluded_classifier_false_positive
38846751,10.7717/peerj.17517,2024,Xu M et al.,Effect of oral tryptamines on the gut microbiome of rats-a preliminary study.,PeerJ,Unclassified/possible false positive,xu2024,False,False,False,False,False,excluded_classifier_false_positive
38851531,10.1016/j.neuropharm.2024.110030,2024,Olson RJ et al.,Decoupling of cortical activity from behavioral state following administration of the classic psychedelic DOI.,Neuropharmacology,Psychedelic (general),olson2024,False,True,True,True,True,included_in_review
38854027,10.1101/2024.05.28.596205,2024,Floris G et al.,Psilocybin reduces heroin seeking behavior and modulates inflammatory gene expression in the nucleus accumbens and prefrontal cortex of male rats.,bioRxiv : the preprint server for biology,Psilocybin/Psilocin,floris2025b,False,True,False,False,False,in_corpus_no_animal_dose
38863575,10.1093/braincomms/fcae194,2024,Ghaw A et al.,Dose-dependent LSD effects on cortical/thalamic and cerebellar activity: brain oxygen level-dependent fMRI study in awake rats.,Brain communications,LSD,ghaw2024,False,False,False,False,False,excluded_classifier_off_topic
38876450,10.1016/j.toxlet.2024.06.006,2024,Neumann J et al.,Effects of psilocin and psilocybin on human 5-HT4 serotonin receptors in atrial preparations of transgenic mice and humans.,Toxicology letters,Psilocybin/Psilocin,neumann2024,False,False,False,False,False,excluded_classifier_off_topic
38887282,10.3389/fimmu.2024.1437785,2024,Unknown,"Retraction: Neuroprotective effects of ginsenoside-Rg1 against depression-like behaviors via suppressing glial activation, synaptic deficits and neuronal apopto",Frontiers in immunology,Unclassified/possible false positive,unknown2024,False,False,False,False,False,excluded_classifier_false_positive
38909051,10.1038/s41467-024-49741-9,2024,Effinger DP et al.,Increased reactivity of the paraventricular nucleus of the hypothalamus and decreased threat responding in male rats following psilocin administration.,Nature communications,Psilocybin/Psilocin,effinger2024,False,True,True,False,True,included_in_review
38909970,10.1016/j.nlm.2024.107954,2024,Jacobs DS et al.,Effects of psilocybin on uncertain punishment learning.,Neurobiology of learning and memory,Psilocybin/Psilocin,jacobs2024,True,True,True,True,True,included_in_review
38963553,10.1007/s00213-024-06644-3,2025,Kolasa M et al.,Unraveling psilocybin's therapeutic potential: behavioral and neuroplasticity insights in Wistar-Kyoto and Wistar male rat models of treatment-resistant depress,Psychopharmacology,Psilocybin/Psilocin,kolasa2024,True,True,True,True,True,included_in_review
38964565,10.1016/j.physbeh.2024.114627,2024,Shakir J et al.,"Effects of psilocybin on body weight, body composition, and metabolites in male and female mice.",Physiology & behavior,Psilocybin/Psilocin,shakir2024,False,False,False,False,False,excluded_classifier_off_topic
38965834,10.1002/dta.3767,2025,Brandt SD et al.,Analytical and behavioral characterization of 1-hexanoyl-LSD (1H-LSD).,Drug testing and analysis,LSD,brandt2025,False,False,False,False,False,excluded_classifier_off_topic
38969716,10.1038/s41380-024-02655-w,2025,Nogueira M et al.,Serotonergic psychedelic 5-MeO-DMT alters plasticity-related gene expression and generates anxiolytic effects in stressed mice.,Molecular psychiatry,DMT; 5-MeO-DMT; Psychedelic (general),nogueira2025,True,True,True,True,True,included_in_review
38971932,10.1038/s41386-024-01912-4,2024,Martin DA et al.,"Effects of psychedelic, DOI, on nucleus accumbens dopamine signaling to predictable rewards and cues in rats.",Neuropsychopharmacology : official publication of the Americ,Psychedelic (general),martin2024,True,True,True,True,True,included_in_review
38979304,10.1101/2024.06.25.600634,2024,Brownstien M et al.,Striking Long Term Beneficial Effects of Single Dose Psilocybin and Psychedelic Mushroom Extract in the SAPAP3 Rodent Model of OCD-Like Excessive Self-Grooming.,bioRxiv : the preprint server for biology,Psilocybin/Psilocin; Psychedelic (general),brownstien2025b,False,True,False,False,False,in_corpus_no_animal_dose
38981146,10.1016/j.chroma.2024.465123,2024,Khajavinia A et al.,Addressing a major interference in the quantification of psilocin in mouse plasma: Development of a validated liquid chromatography tandem mass spectrometry met,Journal of chromatography. A,Psilocybin/Psilocin,khajavinia2024,False,False,False,False,False,excluded_classifier_off_topic
39002804,10.1016/j.pbb.2024.173823,2024,Nikolaus S et al.,"2,5-Dimethoxy-4-iodoamphetamine and altanserin induce region-specific shifts in dopamine and serotonin metabolization pathways in the rat brain.","Pharmacology, biochemistry, and behavior","DOI (2,5-dimethoxy-4-iodoamphetamine)",nikolaus2024b,False,True,False,False,False,excluded_classifier_off_topic
39030424,10.1007/s00213-024-06654-1,2025,Kolasa M et al.,Correction to: Unraveling psilocybin's therapeutic potential: behavioral and neuroplasticity insights in Wistar-Kyoto and Wistar male rat models of treatment-re,Psychopharmacology,Psilocybin/Psilocin,kolasa2024b,False,True,False,False,False,in_corpus_no_animal_dose
39038012,10.1371/journal.pone.0307828,2024,Vázquez-Sánchez A et al.,Correction: Effects of paternal arachidonic acid supplementation on offspring behavior and hypothalamus inflammation markers in the mouse.,PloS one,Unclassified/possible false positive,vzquezsnchez2024,False,False,False,False,False,excluded_classifier_false_positive
39065697,10.3390/ph17070846,2024,Avgana H et al.,Examining the Role of Oxytocinergic Signaling and Neuroinflammatory Markers in the Therapeutic Effects of MDMA in a Rat Model for PTSD.,"Pharmaceuticals (Basel, Switzerland)",MDMA,avgana2024,False,False,False,False,False,excluded_compound_filter_MDMA
39087917,10.1021/acschemneuro.4c00279,2024,Woodburn SC et al.,"Psilocybin Facilitates Fear Extinction: Importance of Dose, Context, and Serotonin Receptors.",ACS chemical neuroscience,Psilocybin/Psilocin,woodburn2024,False,True,True,True,True,included_in_review
39092989,10.1021/acschemneuro.4c00405,2024,Urbina F et al.,Predicting the Hallucinogenic Potential of Molecules Using Artificial Intelligence.,ACS chemical neuroscience,Psychedelic (general),urbina2024,False,False,False,False,False,included_in_review
39103446,10.1038/s41592-024-02375-7,2024,Zhang R et al.,"Rapid, biochemical tagging of cellular activity history in vivo.",Nature methods,Unclassified/possible false positive,zhang2026b,False,True,False,False,False,in_corpus_no_animal_dose
39131190,10.21769/BioProtoc.5046,2024,Ren Q et al.,A Social Stimulation Paradigm to Ameliorate Memory Deficit in Alzheimer's Disease.,Bio-protocol,Unclassified/possible false positive,ren2024,False,False,False,False,False,excluded_classifier_false_positive
39149579,10.1089/psymed.2023.0049,2024,Adam AS et al.,"A Multimodal Preclinical Assessment of MDMA in Female and Male Rats: Prohedonic, Cognition Disruptive, and Prosocial Effects.","Psychedelic medicine (New Rochelle, N.Y.)",MDMA,adam2024,False,False,False,False,False,excluded_compound_filter_MDMA
39206775,10.1097/FBP.0000000000000789,2024,Sun Y et al.,Ultra-low doses of methamphetamine suppress 5-hydroxytryptophan-induced head-twitch response in mice during aging.,Behavioural pharmacology,Unclassified/possible false positive,sun2024,False,False,False,False,False,excluded_classifier_false_positive
39217832,10.1016/j.drugalcdep.2024.112426,2024,McQueney AJ & Garcia EJ,"Biological sex modulates the efficacy of 2,5-dimethoxy-4-iodoamphetamine (DOI) to mitigate fentanyl demand.",Drug and alcohol dependence,"DOI (2,5-dimethoxy-4-iodoamphetamine)",mcqueney2024,False,True,True,True,True,included_in_review
39235512,10.1007/s00213-024-06680-z,2025,Murphy RJ et al.,Multimodal creativity assessments following acute and sustained microdosing of lysergic acid diethylamide.,Psychopharmacology,LSD,murphy2025,False,False,False,False,False,excluded_classifier_off_topic
39236802,10.1016/j.neuroscience.2024.09.006,2024,Pohořalá V et al.,Psilocybin administered following extinction sessions does not affect subsequent cocaine cue reinstatement in male and female rats and mice.,Neuroscience,Psilocybin/Psilocin,pohorala2024,True,True,True,True,True,included_in_review
39242843,10.1038/s44271-023-00012-1,2023,Eisenkoeck A,Psychedelics reopening windows of development in mice.,Communications psychology,Psychedelic (general),eisenkoeck2023,False,False,False,False,False,excluded_classifier_off_topic
39244172,10.1016/j.jep.2024.118775,2025,Graça SC et al.,Banisteriopsis caapi extract: Implications for neuroinflammatory pathways in Locus coeruleus lesion rodent model.,Journal of ethnopharmacology,Unclassified/possible false positive,graa2025,False,False,False,False,False,excluded_classifier_false_positive
39291339,10.1080/14786419.2024.2405875,2025,Ferreira JVBP et al.,The anxiolytic-like effect of the alkaloid fraction of the psychedelic plant Mimosa tenuiflora (Willd.) Poir.,Natural product research,Psychedelic (general),ferreira2025,False,True,True,True,True,included_in_review
39295939,10.3389/fphar.2024.1471602,2024,Okawa Y et al.,"Ameliorating effect of chotosan and its active component, Uncaria hook, on lipopolysaccharide-induced anxiety-like behavior in mice.",Frontiers in pharmacology,Unclassified/possible false positive,okawa2024,False,False,False,False,False,excluded_classifier_false_positive
39304653,10.1038/s41467-024-51856-y,2024,Havel V et al.,Oxa-Iboga alkaloids lack cardiac risk and disrupt opioid use in animal models.,Nature communications,Ibogaine,havel2024,False,True,True,True,True,included_in_review
39304979,10.1111/bph.17348,2024,Tod P et al.,"Tetrabenazine, a vesicular monoamine transporter 2 inhibitor, inhibits vesicular storage capacity and release of monoamine transmitters in mouse brain tissue.",British journal of pharmacology,Unclassified/possible false positive,tod2024,False,False,False,False,False,excluded_classifier_false_positive
39314372,10.1101/2024.09.06.611733,2024,Horrocks M et al.,The serotonergic psychedelic DOI impairs deviance detection in the auditory cortex.,bioRxiv : the preprint server for biology,Psychedelic (general),horrocks2025b,False,True,False,False,False,in_corpus_no_animal_dose
39341333,10.1016/j.neuropharm.2024.110163,2024,Bonilla J et al.,The psychedelic drug DOI reduces heroin motivation by targeting 5-HT2A receptors in a heroin and alcohol co-use model.,Neuropharmacology,"DOI (2,5-dimethoxy-4-iodoamphetamine); Other serotonergic; Psychedelic (general)",bonilla2024,False,True,True,True,True,included_in_review
39349428,10.1038/s41398-024-03103-7,2024,Fisher EL et al.,Psilocybin increases optimistic engagement over time: computational modelling of behaviour in rats.,Translational psychiatry,Psilocybin/Psilocin,fisher2024,True,True,True,True,True,included_in_review
39364682,10.1111/ejn.16558,2024,Ivan VE et al.,Psilocybin reduces functional correlation and the encoding of spatial information by neurons in mouse retrosplenial cortex.,The European journal of neuroscience,Psilocybin/Psilocin,ivan2024b,False,True,False,False,False,in_corpus_no_animal_dose
39379834,10.1186/s12868-024-00903-x,2024,Yu SJ et al.,Neuroprotective effects of psilocybin in a rat model of stroke.,BMC neuroscience,Psilocybin/Psilocin,yu2024,True,True,True,True,True,included_in_review
39394457,10.1038/s41380-024-02786-0,2025,Brownstien M et al.,Striking long-term beneficial effects of single dose psilocybin and psychedelic mushroom extract in the SAPAP3 rodent model of OCD-like excessive self-grooming.,Molecular psychiatry,Psilocybin/Psilocin; Psychedelic (general),brownstien2025,True,True,True,True,True,included_in_review
39416073,10.1101/2024.10.11.617861,2024,de la Fuente Revenga M & González-Maeso J,Snapshot of 5-HT 2A receptor activation in the mouse brain via IP 1 detection.,bioRxiv : the preprint server for biology,Unclassified/possible false positive,delafuenterevenga2024,False,False,False,False,False,excluded_classifier_false_positive
39433903,10.1038/s41380-024-02788-y,2025,Floris G et al.,Psilocybin reduces heroin seeking behavior and modulates inflammatory gene expression in the nucleus accumbens and prefrontal cortex of male rats.,Molecular psychiatry,Psilocybin/Psilocin,floris2025,True,True,True,True,True,included_in_review
39435614,10.1080/15368378.2024.2418552,2024,Vu MO et al.,"Defined radio wave frequencies attenuate the head-twitch response in mice elicited by (±)-2,5-dimethoxy-4-iodoamphetamine.",Electromagnetic biology and medicine,"DOI (2,5-dimethoxy-4-iodoamphetamine)",vu2024,False,False,False,False,False,pdf_unavailable_relevant
39489287,10.1016/j.neuropharm.2024.110202,2025,Gattuso JJ et al.,Psilocybin reduces grooming in the SAPAP3 knockout mouse model of compulsive behaviour.,Neuropharmacology,Psilocybin/Psilocin,gattuso2025,True,True,True,True,True,included_in_review
39535167,10.1080/02791072.2024.2428241,2024,Ghaffarzadegan R et al.,The Effect of Psilocybe cubensis on Spatial Memory and BDNF Expression in Male Rats Exposed to Chronic Unpredictable Mild Stress.,Journal of psychoactive drugs,Psilocybin/Psilocin,ghaffarzadegan2024,False,False,False,False,False,pdf_unavailable_relevant
39541450,10.1126/science.adl0666,2024,Muir J et al.,Isolation of psychedelic-responsive neurons underlying anxiolytic behavioral states.,"Science (New York, N.Y.)",Psychedelic (general),muir2024,False,True,True,True,True,included_in_review
39547368,10.1016/j.pbb.2024.173903,2024,Olejníková-Ladislavová L et al.,Mescaline-induced behavioral alterations are mediated by 5-HT2A and 5-HT2C receptors in rats.,"Pharmacology, biochemistry, and behavior",Mescaline; Other serotonergic,olejníková-ladislavová2024,False,True,True,True,True,included_in_review
39554087,10.1101/2024.11.02.621692,2024,Shao LX et al.,Pyramidal cell types and 5-HT2A receptors are essential for psilocybin's lasting drug action.,bioRxiv : the preprint server for biology,Psilocybin/Psilocin; Other serotonergic,shao2024,True,True,True,True,True,included_in_review
39602080,10.1007/s43440-024-00679-1,2025,Cyrano E & Popik P,Assessing the effects of 5-HT2A and 5-HT5A receptor antagonists on DOI-induced head-twitch response in male rats using marker-less deep learning algorithms.,Pharmacological reports : PR,"DOI (2,5-dimethoxy-4-iodoamphetamine); Other serotonergic",cyrano2025,True,True,True,True,True,included_in_review
39605498,10.1101/2023.09.23.559145,2024,Padawer-Curry JA et al.,Psychedelic 5-HT2A receptor agonism: neuronal signatures and altered neurovascular coupling.,bioRxiv : the preprint server for biology,Other serotonergic; Psychedelic (general),padawercurry2024,False,False,False,False,False,excluded_classifier_off_topic
39613951,10.1007/s12035-024-04597-4,2025,de Camargo RW et al.,"Ayahuasca Pretreatment Prevents Sepsis-Induced Anxiety-Like Behavior, Neuroinflammation, and Oxidative Stress, and Increases Brain-Derived Neurotrophic Factor.",Molecular neurobiology,Ayahuasca,de camargo2025,False,True,True,True,True,included_in_review
39624022,10.1002/dta.3829,2025,Brandt SD et al.,Analytical and Pharmacological Characterization of 1-(Furan-2-Carbonyl)-LSD (1F-LSD) and Comparison With 1-(Thiophene-2-Carbonyl)-LSD (1T-LSD).,Drug testing and analysis,LSD,brandt2025,False,False,False,False,False,excluded_classifier_off_topic
39628031,10.1002/npr2.12510,2025,Nishitani N et al.,"Effects of 3,4-methylenedioxymethamphetamine on neural activity in the nucleus accumbens of male mice engaged in social behavior.",Neuropsychopharmacology reports,MDMA,nishitani2025,False,False,False,False,False,excluded_compound_filter_MDMA
39636099,10.1021/acschemneuro.4c00513,2024,Glatfelter GC et al.,"Serotonin 1A Receptors Modulate Serotonin 2A Receptor-Mediated Behavioral Effects of 5-Methoxy-N,N-dimethyltryptamine Analogs in Mice.",ACS chemical neuroscience,DMT; 5-MeO-DMT,glatfelter2024b,False,True,False,False,False,in_corpus_no_animal_dose
39639028,10.1038/s41398-024-03189-z,2024,Habelt B et al.,Prefrontal electrophysiological biomarkers and mechanism-based drug effects in a rat model of alcohol addiction.,Translational psychiatry,Unclassified/possible false positive,habelt2024,True,True,True,True,True,excluded_no_behaviour_in_full_text
39662657,10.1016/j.ejphar.2024.177198,2025,Wang Y et al.,A comparative study of effects of DOM and lisuride on neuronal activity in nucleus accumbens of freely moving rats.,European journal of pharmacology,Unclassified/possible false positive,wang2025c,False,True,False,False,False,in_corpus_no_animal_dose
39669671,10.1089/psymed.2023.0061,2024,Zahid Z et al.,"Divergent Effects of Ketamine and the Serotoninergic Psychedelic 2,5-Dimethoxy-4-Iodoamphetamine on Hippocampal Plasticity and Metaplasticity.","Psychedelic medicine (New Rochelle, N.Y.)","DOI (2,5-dimethoxy-4-iodoamphetamine); Ketamine; Psychedelic (general)",zahid2024,False,False,False,False,False,excluded_classifier_off_topic
39704207,10.3892/mmr.2024.13419,2025,Hu X et al.,[Retracted] Limb remote ischemic post‑conditioning reduces injury and improves long‑term behavioral recovery in rats following subarachnoid hemorrhage: Possible,Molecular medicine reports,Unclassified/possible false positive,hu2025,False,False,False,False,False,excluded_classifier_false_positive
39725123,10.1016/j.neuropharm.2024.110280,2025,Farinha-Ferreira M et al.,Concurrent stress modulates the acute and post-acute effects of psilocybin in a sex-dependent manner.,Neuropharmacology,Psilocybin/Psilocin,farinhaferreira2025,True,True,True,True,True,included_in_review
39726382,10.1152/jn.00411.2024,2025,Horrocks M et al.,The serotonergic psychedelic DOI impairs deviance detection in the auditory cortex.,Journal of neurophysiology,Psychedelic (general),horrocks2025,True,True,True,True,True,included_in_review
39726846,10.3389/fendo.2024.1527177,2024,González-Madrid E et al.,"Corrigendum: Gestational hypothyroxinemia induces ASD-like phenotypes in behavior, proinflammatory markers, and glutamatergic protein expression in mouse offspr",Frontiers in endocrinology,Unclassified/possible false positive,gonzlezmadrid2024,False,False,False,False,False,excluded_classifier_false_positive
39735490,10.1162/netn_a_00408,2024,Varley TF et al.,"The serotonergic psychedelic N,N-dipropyltryptamine alters information-processing dynamics in in vitro cortical neural circuits.","Network neuroscience (Cambridge, Mass.)",Psychedelic (general),varley2024,False,False,False,False,False,excluded_classifier_off_topic
39739409,10.1289/EHP15621,2024,Hilz EN et al.,Two Hits of EDCs Three Generations Apart: Evaluating Multigenerational Anxiety-Like Behavioral Phenotypes in Female Rats Exposed to Aroclor 1221 and Vinclozolin,Environmental health perspectives,Unclassified/possible false positive,hilz2024,False,False,False,False,False,excluded_classifier_false_positive
39739410,10.1289/EHP15684,2024,Hilz EN et al.,Two Hits of EDCs Three Generations Apart: Evaluating Multigenerational Anxiety-Like Behavioral Phenotypes in Male Rats Exposed to Aroclor 1221 and Vinclozolin.,Environmental health perspectives,Unclassified/possible false positive,hilz2024,False,False,False,False,False,excluded_classifier_false_positive
39756636,10.1016/j.pnpbp.2024.111243,2025,Wang Z et al.,Early psilocybin intervention alleviates behavioral despair and cognitive impairment in stressed Wistar rats.,Progress in neuro-psychopharmacology & biological psychiatry,Psilocybin/Psilocin,wang2025,True,True,True,True,True,included_in_review
39761844,10.1016/j.cellsig.2025.111588,2025,Billard E et al.,Pharmacological characterization of cannabidiol as a negative allosteric modulator of the 5-HT2A receptor.,Cellular signalling,Other serotonergic,billard2025,False,False,False,False,False,excluded_classifier_off_topic
39803502,10.1101/2025.01.04.631335,2025,Liao C et al.,Single-nucleus transcriptomics reveals time-dependent and cell-type-specific effects of psilocybin on gene expression.,bioRxiv : the preprint server for biology,Psilocybin/Psilocin,liao2025,False,False,False,False,False,excluded_classifier_off_topic
39810414,10.1021/acs.est.4c09276,2025,Ma CS et al.,Long-Term Exposure to Tire-Derived 6-PPD Quinone Causes Neurotoxicity and Neuroinflammation via Inhibition of HTR2A in C57BL/6 Mice.,Environmental science & technology,Unclassified/possible false positive,ma2025,False,False,False,False,False,excluded_classifier_false_positive
39832749,10.1016/j.pnpbp.2025.111259,2025,Barker SA,"N, N-dimethyltryptamine (DMT) in rodent brain: Concentrations, distribution, and recent pharmacological data.",Progress in neuro-psychopharmacology & biological psychiatry,DMT,barker2025,False,False,False,False,False,excluded_classifier_off_topic
39864573,10.1016/j.ejphar.2025.177304,2025,Gattuso JJ et al.,Mice lacking the serotonin transporter do not respond to the behavioural effects of psilocybin.,European journal of pharmacology,Psilocybin/Psilocin,gattuso20251,True,True,True,True,True,included_in_review
39868117,10.1101/2025.01.16.633439,2025,Hsiao Y et al.,Persistent large-scale changes in alternative splicing in prefrontal cortical neuron types following psychedelic exposure.,bioRxiv : the preprint server for biology,Psychedelic (general),hsiao2025,False,False,False,False,False,excluded_classifier_off_topic
39880687,10.3174/ajnr.A8634,2025,Frautschi PC et al.,Effects of Psilocybin on Mouse Brain Microstructure.,AJNR. American journal of neuroradiology,Psilocybin/Psilocin,frautschi2025,False,False,False,False,False,excluded_no_behaviour_in_full_text
39900138,10.1016/j.neuropharm.2025.110334,2025,Noback M et al.,"Low (micro)doses of 2,5-dimethoxy-4-propylamphetamine (DOPR) increase effortful motivation in low-performing mice.",Neuropharmacology,Unclassified/possible false positive,noback2025,False,False,False,False,False,excluded_classifier_false_positive
39939591,10.1038/s41467-025-56850-6,2025,Aboharb F et al.,Classification of psychedelics and psychoactive drugs based on brain-wide imaging of cellular c-Fos expression.,Nature communications,Psychedelic (general),aboharb2025,False,True,True,True,True,included_in_review
39975204,10.1101/2025.02.03.636248,2025,Brengel EK et al.,Psilocybin as a Treatment for Repetitive Mild Head Injury: Evidence from Neuroradiology and Molecular Biology.,bioRxiv : the preprint server for biology,Psilocybin/Psilocin,brengel2025,False,True,True,True,True,included_in_review
39996441,10.1002/prp2.70079,2025,Balabandian M et al.,"Psilocin, A Psychedelic Drug, Exerts Anticonvulsant Effects Against PTZ- and MES-Induced Seizures in Mice via 5-HT1A and CB1 Receptors: Involvement of Nitrergic",Pharmacology research & perspectives,Psilocybin/Psilocin; Psychedelic (general),balabandian2025,False,False,False,False,False,excluded_classifier_off_topic
40022486,10.1111/jnc.70020,2025,Petrušková A et al.,Serotonergic Psychedelics Rapidly Modulate Evoked Glutamate Release in Cultured Cortical Neurons.,Journal of neurochemistry,Psychedelic (general),petrukov2025,False,False,False,False,False,excluded_classifier_off_topic
40035828,10.1007/s00213-025-06765-3,2025,Salinsky LM et al.,"The psychedelic (-)-2,5-dimethoxy-4-iodoamphetamine [(-)-DOI] demonstrates efficacy in reducing cocaine reward and motivation in male rats.",Psychopharmacology,"DOI (2,5-dimethoxy-4-iodoamphetamine); Psychedelic (general)",salinsky2025,False,True,True,True,True,included_in_review
40036665,10.1289/EHP15046,2025,Vrooman LA et al.,Effect of Brief Maternal Exposure to Bisphenol A on the Fetal Female Germline in a Mouse Model.,Environmental health perspectives,Unclassified/possible false positive,vrooman2025,False,False,False,False,False,excluded_classifier_false_positive
40043852,10.1016/j.bbr.2025.115521,2025,da Silva Joaquim L et al.,Ayahuasca reverses ischemic stroke-induced neuroinflammation and oxidative stress.,Behavioural brain research,Ayahuasca,dasilvajoaquim2025,False,False,False,False,False,excluded_classifier_off_topic
40047006,10.1089/psymed.2022.0012,2023,Hibicke M et al.,A Single Administration of Psilocybin Persistently Rescues Cognitive Deficits Caused by Adolescent Chronic Restraint Stress Without Long-Term Changes in Synapti,"Psychedelic medicine (New Rochelle, N.Y.)",Psilocybin/Psilocin,hibicke2023,False,True,True,True,True,included_in_review
40047011,10.1089/psymed.2022.0014,2023,Dwiel L et al.,Lysergic Acid Diethylamide Alters the Effects of Brain Stimulation in Rodents.,"Psychedelic medicine (New Rochelle, N.Y.)",LSD,dwiel2023,False,False,False,False,False,pdf_unavailable_relevant
40051761,10.1089/psymed.2023.0037,2024,Hibicke M et al.,Preadministration of Lorazepam Reduces Efficacy and Longevity of Antidepressant-Like Effect from a Psychedelic.,"Psychedelic medicine (New Rochelle, N.Y.)",Psychedelic (general),hibicke2023b,False,True,False,False,False,pdf_unavailable_relevant
40093150,10.1101/2024.12.17.629035,2024,Brouns EJ et al.,Psychedelic enhancement of flexible learning weeks after a single dose.,bioRxiv : the preprint server for biology,Psychedelic (general),brouns2024,False,True,True,True,True,included_in_review
40102929,10.1186/s13041-025-01191-0,2025,Harari R et al.,The psychedelic psilocybin and light exposure have similar and synergistic effects on gene expression patterns in the visual cortex.,Molecular brain,Psilocybin/Psilocin; Psychedelic (general),harari2025,False,True,True,False,True,excluded_no_behaviour_in_full_text
40107634,10.1016/j.phrs.2025.107699,2025,Koseli E et al.,IUPHAR Article: Psilocybin induces long-lasting effects via 5-HT2A receptors in mouse models of chronic pain.,Pharmacological research,Psilocybin/Psilocin; Other serotonergic,koseli2025,False,True,True,True,True,included_in_review
40121242,10.1038/s41467-025-58239-x,2025,Meng C et al.,Structural basis for psilocybin biosynthesis.,Nature communications,Psilocybin/Psilocin,meng2025,False,True,True,True,True,included_in_review
40124559,10.2147/DDDT.S526425,2025,Unknown,"Erratum: Dexmedetomidine Attenuated Neuron Death, Cognitive Decline, and Anxiety-Like Behavior by Inhibiting CXCL2 in CA1 Region of AD Mice [Corrigendum].","Drug design, development and therapy",Unclassified/possible false positive,unknown2025,False,False,False,False,False,excluded_classifier_false_positive
40128102,10.1002/syn.70014,2025,Wang Y et al.,"The Selective 5HT2A Receptor Agonist, 25CN-NBOH Exerts Excitatory and Inhibitory Cellular Actions on Mouse Medial Prefrontal Cortical Neurons.","Synapse (New York, N.Y.)",Other serotonergic,wang2025b,False,True,False,False,False,in_corpus_no_animal_dose
40128190,10.1038/s41398-025-03308-4,2025,Silverstein BH et al.,Intravenous psilocybin induces dose-dependent changes in functional network organization in rat cortex.,Translational psychiatry,Psilocybin/Psilocin,silverstein2025,False,True,True,True,True,included_in_review
40141457,10.3390/ijms26062815,2025,Bilel S et al.,Acute Effects of the Psychedelic Phenethylamine 25I-NBOMe in C57BL/6J Male Mice.,International journal of molecular sciences,Other serotonergic; Psychedelic (general),bilel2025,False,True,True,True,True,included_in_review
40156912,10.1093/ijnp/pyaf022,2025,Lazar M et al.,"Premorbid characteristics of the SAPAP3 mouse model of obsessive-compulsive disorder: behavior, neuroplasticity, and psilocybin treatment.",The international journal of neuropsychopharmacology,Psilocybin/Psilocin,lazar2025,False,True,True,True,True,included_in_review
40157708,10.1016/j.pnpbp.2025.111347,2025,Bysiek A et al.,The effect of low-dose psilocybin on brain neurotransmission and rat behavior.,Progress in neuro-psychopharmacology & biological psychiatry,Psilocybin/Psilocin,bysiek2025,False,True,True,True,True,included_in_review
40158702,10.1016/j.pbb.2025.174004,2025,Elder HJ et al.,Monoamine receptors targeted by methamphetamine differentially modulate basal and fentanyl-depressed respiration in mice.,"Pharmacology, biochemistry, and behavior",Unclassified/possible false positive,elder2025,False,False,False,False,False,excluded_classifier_false_positive
40161736,10.1101/2025.03.10.642385,2025,Song C et al.,Lasting effect of psilocybin on sociability can be blocked by DNA methyltransferase inhibition.,bioRxiv : the preprint server for biology,Psilocybin/Psilocin,song2025,False,True,True,True,True,included_in_review
40175553,10.1038/s41586-025-08813-6,2025,Shao LX et al.,Psilocybin's lasting action requires pyramidal cell types and 5-HT2A receptors.,Nature,Psilocybin/Psilocin; Other serotonergic,shao2024b,False,True,False,False,False,in_corpus_no_animal_dose
40183394,10.1177/02698811251330737,2025,Hill RD et al.,Behavioral effects of three synthetic tryptamine derivatives in rodents.,"Journal of psychopharmacology (Oxford, England)",Other serotonergic,hill2025,False,True,True,True,True,included_in_review
40187601,10.1016/j.pnpbp.2025.111355,2025,Hrickova M & Ruda-Kucerova J,Do AMPA/kainate antagonists possess potential in the treatment of addiction? Evidence from animal behavioural studies.,Progress in neuro-psychopharmacology & biological psychiatry,Unclassified/possible false positive,hrickova2025,False,False,False,False,False,excluded_classifier_false_positive
40232378,10.1007/s00210-025-04152-5,2025,Afrooghe A et al.,Psilocin alleviates acute itch in mice: possible involvement of 5-HT2A receptors and kynurenine pathway.,Naunyn-Schmiedeberg's archives of pharmacology,Psilocybin/Psilocin; Other serotonergic,afrooghe2025,False,True,True,True,True,included_in_review
40243003,10.1177/02698811251330783,2025,Pałasz A et al.,Psilocybin and ketamine affect novel neuropeptides gene expression in the rat hypothalamus.,"Journal of psychopharmacology (Oxford, England)",Psilocybin/Psilocin; Ketamine,paasz2025,False,False,False,False,False,excluded_classifier_off_topic
40246053,10.1016/j.pnpbp.2025.111368,2025,Seillier L et al.,Psilocybin has a narrow therapeutic window as an antidepressant treatment.,Progress in neuro-psychopharmacology & biological psychiatry,Psilocybin/Psilocin,seillier2025,False,True,True,True,True,included_in_review
40258947,10.1038/s41598-025-98202-w,2025,Thaoboonruang N et al.,"Development of a PBPK model of psilocybin/psilocin from Psilocybe cubensis (magic mushroom) in mice, rats, and humans.",Scientific reports,Psilocybin/Psilocin,thaoboonruang2025,False,False,False,False,False,excluded_classifier_off_topic
40283890,10.3390/ph18040451,2025,Robinson GI et al.,LPS-Induced Liver Inflammation Is Inhibited by Psilocybin and Eugenol in Mice.,"Pharmaceuticals (Basel, Switzerland)",Psilocybin/Psilocin,robinson2025,False,False,False,False,False,excluded_classifier_off_topic
40291657,10.1101/2025.04.08.647810,2025,Lu OD et al.,A multi-institutional investigation of psilocybin's effects on mouse behavior.,bioRxiv : the preprint server for biology,Psilocybin/Psilocin,lu2025,False,True,True,True,True,included_in_review
40303610,10.3389/fnins.2025.1593198,2025,Unknown,Erratum: Effects of acute cannabidiol on behavior and the endocannabinoid system in HIV-1 Tat transgenic female and male mice.,Frontiers in neuroscience,Unclassified/possible false positive,unknown2025,False,False,False,False,False,excluded_classifier_false_positive
40348309,10.1016/j.neubiorev.2025.106204,2025,Syed OA et al.,The effect of psychedelic microdosing on animal behavior: A review with recommendations for the field.,Neuroscience and biobehavioral reviews,Psychedelic (general),syed2025,False,False,False,False,False,excluded_classifier_off_topic
40376612,10.3389/fnins.2025.1554049,2025,Fuini E et al.,Dose-dependent changes in global brain activity and functional connectivity following exposure to psilocybin: a BOLD MRI study in awake rats.,Frontiers in neuroscience,Psilocybin/Psilocin,fuini2025,False,False,False,False,False,excluded_classifier_off_topic
40381003,10.1007/s00213-025-06795-x,2025,McGriff SA et al.,"Psychedelic-like effects induced by 2,5-dimethoxy-4-iodoamphetamine, lysergic acid diethylamide, and psilocybin in male and female C57BL/6J mice.",Psychopharmacology,"DOI (2,5-dimethoxy-4-iodoamphetamine); Psilocybin/Psilocin; LSD; Psychedelic (general)",mcgriff2025,False,True,True,True,True,included_in_review
40410667,10.1186/s10194-025-02008-0,2025,Han C et al.,Ergotamine enhances circadian amplitude and diurnally mitigates nitroglycerin-induced mechanical hypersensitivity.,The journal of headache and pain,Unclassified/possible false positive,han2025,False,False,False,False,False,excluded_classifier_false_positive
40413648,10.1093/ijnp/pyaf035,2025,Erkizia-Santamaría I et al.,Role of endogenous serotonin in psychedelic-like effects of psilocybin in mice.,The international journal of neuropsychopharmacology,Psilocybin/Psilocin; Psychedelic (general),erkizia-santamaría2025b,False,True,False,False,False,in_corpus_no_animal_dose
40418247,10.1093/jat/bkaf045,2025,Pego AMF et al.,Development and validation of an analytical method for the determination of select 4-position ring-substituted tryptamines in plasma by liquid chromatography-ta,Journal of analytical toxicology,Unclassified/possible false positive,pego2025,False,False,False,False,False,excluded_classifier_false_positive
40419666,10.1038/s41598-025-03383-z,2025,Wang Z et al.,Psilocybin mitigates behavioral despair and cognitive impairment in treatment-resistant depression model using wistar kyoto rats.,Scientific reports,Psilocybin/Psilocin,wang2025d,False,True,False,False,False,in_corpus_no_animal_dose
40419686,10.1038/s41593-025-01964-9,2025,Rogers SA et al.,Psilocybin-enhanced fear extinction linked to bidirectional modulation of cortical ensembles.,Nature neuroscience,Psilocybin/Psilocin,rogers2025,True,True,True,True,True,included_in_review
40437054,10.1038/s41593-025-01972-9,2025,Courtney Y et al.,Choroid plexus apocrine secretion shapes CSF proteome during mouse brain development.,Nature neuroscience,Unclassified/possible false positive,courtney2026b,False,True,False,False,False,in_corpus_no_animal_dose
40437853,10.1177/02698811251338232,2025,Vella Y et al.,"Effects of serotonergic psychedelics on synaptogenesis and immediate early genes expression - comparison with ketamine, fluoxetine and lithium.","Journal of psychopharmacology (Oxford, England)",Ketamine; Psychedelic (general),vella2025,False,False,False,False,False,excluded_classifier_off_topic
40445242,10.1289/EHP16568,2025,Leuthold D et al.,Multi-behavioral phenotyping in early-life-stage zebrafish for identifying disruptors of non-associative learning.,Environmental health perspectives,Unclassified/possible false positive,leuthold2025,False,False,False,False,False,excluded_classifier_false_positive
40498206,10.1007/s11011-025-01650-6,2025,do Nascimento Sousa D et al.,"Immunomodulatory and behavioral effects of ayahuasca and N, N-dimethyltryptamine in a rat model of lipopolysaccharide-induced depression.",Metabolic brain disease,DMT; Ayahuasca,do nascimento sousa2025,False,True,True,True,True,included_in_review
40514369,10.1038/s41398-025-03428-x,2025,Ben-Tal T et al.,Synergistic behavioral and neuroplastic effects of psilocybin-NMDAR modulator administration.,Translational psychiatry,Psilocybin/Psilocin,ben-tal2025,False,True,True,True,True,included_in_review
40517150,10.1038/s41398-025-03421-4,2025,Erkizia-Santamaría I et al.,Evaluation of behavioural and neurochemical effects of psilocybin in mice subjected to chronic unpredictable mild stress.,Translational psychiatry,Psilocybin/Psilocin,erkizia-santamaría2025,False,True,True,True,True,included_in_review
40534669,10.1021/acsptsci.5c00208,2025,Jensen AA et al.,"The Selective Serotonin 5‑HT2A Receptor Agonist (S)‑3-(2,5-Dimethoxy-4-(trifluoromethyl)phenyl)piperidine (LPH-5) Induces Persistent and Robust Antidepressant-L",ACS pharmacology & translational science,Unclassified/possible false positive,jensen2025,False,False,False,False,False,excluded_classifier_false_positive
40568111,10.1101/2025.04.28.650242,2025,Maitland AD et al.,"Rapid, open-source, and automated quantification of the head twitch response in C57BL/6J mice using DeepLabCut and Simple Behavioral Analysis.",bioRxiv : the preprint server for biology,Unclassified/possible false positive,maitland2025,False,False,False,False,False,excluded_classifier_false_positive
40599633,10.1016/j.bpsgos.2025.100524,2025,Vejmola Č et al.,Cross-Species Evidence for Psilocin-Induced Visual Distortions: Apparent Motion Is Perceived by Both Humans and Rats.,Biological psychiatry global open science,Psilocybin/Psilocin,vejmola2025,False,True,True,True,True,included_in_review
40619050,10.1016/j.pnpbp.2025.111439,2025,Danda H et al.,Behavioural and pharmacological evaluation of the psilocybin analogue baeocystin in Wistar rats.,Progress in neuro-psychopharmacology & biological psychiatry,Psilocybin/Psilocin,danda2025,False,False,False,False,False,excluded_classifier_off_topic
40628762,10.1038/s41514-025-00244-x,2025,Kato K et al.,Psilocybin treatment extends cellular lifespan and improves survival of aged mice.,npj aging,Psilocybin/Psilocin,kato2025b,False,True,False,False,False,in_corpus_no_animal_dose
40635716,10.3389/fneur.2025.1594335,2025,De Gasperi R et al.,Serotonin 5-HT2A receptor expression is chronically decreased in the anterior cerebral cortex of male rats following repetitive low-level blast exposure.,Frontiers in neurology,Other serotonergic,degasperi2025,False,False,False,False,False,excluded_classifier_off_topic
40635907,10.1155/ecam/9768027,2025,Unknown,"Corrigendum to ""Liquiritin Alleviates Depression-Like Behavior in CUMS Mice by Inhibiting Oxidative Stress and NLRP3 Inflammasome in Hippocampus"".",Evidence-based complementary and alternative medicine : eCAM,Unclassified/possible false positive,unknown2025,False,False,False,False,False,excluded_classifier_false_positive
40661365,10.1101/2025.06.12.658958,2025,Von Gunten M et al.,LSD Restores Synaptic Plasticity in VTA of Morphine-Treated Mice and Disrupts Morphine-Conditioned Place Preference.,bioRxiv : the preprint server for biology,LSD,gunten2025,False,True,True,True,True,included_in_review
40664280,10.1016/j.pnpbp.2025.111437,2025,Butler JJ et al.,5-HT2A receptors shape whole-brain monoaminergic coherence in male mice.,Progress in neuro-psychopharmacology & biological psychiatry,Other serotonergic,butler2025,False,True,True,True,True,included_in_review
40672181,10.1101/2025.07.06.663398,2025,Gregory NS et al.,Psilocybin has no immediate or persistent analgesic effect in acute and chronic mouse pain models.,bioRxiv : the preprint server for biology,Psilocybin/Psilocin,gregory2025,False,True,True,True,True,included_in_review
40674920,10.1016/j.biopha.2025.118348,2025,Bouloufa A et al.,LSD's rapid antidepressant effects are modulated by 5-HT2B receptors.,Biomedicine & pharmacotherapy = Biomedecine & pharmacotherap,LSD,bouloufa2025,False,True,True,True,True,included_in_review
40676159,10.1038/s41598-025-11208-2,2025,Mooney KM et al.,Absence of sex differences in serotonergic control of orbitofrontal cortex neuronal activity.,Scientific reports,Unclassified/possible false positive,mooney2025,False,False,False,False,False,excluded_classifier_false_positive
40732298,10.3390/ph18071009,2025,Braekow P et al.,Effects of Psilocin and Psilocybin on Human 5-HT4 Serotonin and H2 Histamine Receptors in Perfused Hearts of Transgenic Mice.,"Pharmaceuticals (Basel, Switzerland)",Psilocybin/Psilocin,braekow2025,False,False,False,False,False,excluded_classifier_off_topic
40744407,10.1016/j.neuropharm.2025.110619,2025,Zylko AL et al.,Age- and estrous-dependent effects of psilocybin in rats.,Neuropharmacology,Psilocybin/Psilocin,zylko2025,False,True,True,True,True,included_in_review
40766642,10.1101/2025.07.25.666803,2025,Zirkel RT et al.,Psilocybin Prolongs the Neurovascular Coupling Response in Mouse Visual Cortex.,bioRxiv : the preprint server for biology,Psilocybin/Psilocin,zirkel2025,False,False,False,False,False,excluded_classifier_off_topic
40789467,10.1016/j.pnpbp.2025.111467,2025,Villalba S et al.,Noribogaine altered intrinsic properties of thalamocortical neurons in a sex-dependent manner.,Progress in neuro-psychopharmacology & biological psychiatry,Ibogaine,villalba2024b,False,True,False,False,False,in_corpus_no_animal_dose
40791502,10.1101/2025.07.09.663970,2025,Welch AC et al.,The impact of a psychedelic drug on olfactory search behavior by mice.,bioRxiv : the preprint server for biology,Psychedelic (general),welch2025,False,True,True,True,True,included_in_review
40810153,10.1021/acsptsci.5c00305,2025,Maitland AD et al.,"Rapid, Open-Source, and Automated Quantification of the Head Twitch Response in C57BL/6J Mice Using DeepLabCut and Simple Behavioral Analysis.",ACS pharmacology & translational science,Unclassified/possible false positive,maitland2025,False,False,False,False,False,excluded_classifier_false_positive
40810162,10.1021/acsptsci.5c00324,2025,Zhang M et al.,The Medial Prefrontal Cortex Modulates Psychedelic-like Effects of Psilocin.,ACS pharmacology & translational science,Psilocybin/Psilocin; Psychedelic (general),zhang2025,False,True,True,True,True,included_in_review
40849086,10.1016/j.neuropharm.2025.110648,2025,Gattuso JJ et al.,Chronic psilocybin administration increases sociability and alters the gut microbiome in male wild-type mice but not in a preclinical model of obsessive-compuls,Neuropharmacology,Psilocybin/Psilocin,gattuso2025b,False,True,False,False,False,in_corpus_no_animal_dose
40858779,10.1038/s41380-025-03182-y,2025,Purple RJ et al.,Short- and long-term modulation of rat prefrontal cortical activity following single doses of psilocybin.,Molecular psychiatry,Psilocybin/Psilocin,purple2025,False,False,False,False,False,excluded_classifier_off_topic
40862395,10.1177/02698811251361453,2025,Higgins GA et al.,Pharmacological characterisation of psilocybin and 5-MeO-DMT discriminative cues in the rat and their translational value for identifying novel psychedelics.,"Journal of psychopharmacology (Oxford, England)",DMT; 5-MeO-DMT; Psilocybin/Psilocin; Psychedelic (general),higgins2025,False,True,True,True,True,included_in_review
40891276,10.1111/bph.70181,2025,Wittenkeller L et al.,Psychedelics as pharmacotherapeutics for substance use disorders: A scoping review on clinical trials and perspectives on underlying neurobiology.,British journal of pharmacology,Psychedelic (general),wittenkeller2025,False,False,False,False,False,excluded_classifier_off_topic
40905383,10.1111/jnc.70224,2025,Kuehnel IM et al.,Juvenile Rats Exposed to Antibiotics Early in Life Display Sexual Dimorphisms on Social Behaviour and Sex Hormone Deconjugating Activity.,Journal of neurochemistry,Unclassified/possible false positive,kuehnel2025,False,False,False,False,False,excluded_classifier_false_positive
40913115,10.1038/s41380-025-03231-6,2025,Purple RJ et al.,Correction: Short- and long-term modulation of rat prefrontal cortical activity following single doses of psilocybin.,Molecular psychiatry,Psilocybin/Psilocin,purple2025,False,False,False,False,False,excluded_classifier_off_topic
40940205,10.1016/j.neuropharm.2025.110679,2025,Gattuso JJ et al.,"Corrigendum to ""Chronic psilocybin administration increases sociability and alters the gut microbiome in male wild-type mice but not in a preclinical model of o",Neuropharmacology,Psilocybin/Psilocin,gattuso2025c,False,True,False,False,False,in_corpus_no_animal_dose
40959765,10.3389/fnins.2025.1684866,2025,Thies AM et al.,Correction: Trajectories of working memory and decision making abilities along juvenile development in mice.,Frontiers in neuroscience,Unclassified/possible false positive,thies2025,False,False,False,False,False,excluded_classifier_false_positive
40962017,10.1016/j.ejphar.2025.178170,2025,Li B et al.,"2,5-Dimethoxy-4-methylamphetamine (DOM)-induced gait alterations in mice: Dissecting the role of 5-HT2A/2C receptor-mediated mechanisms.",European journal of pharmacology,Other serotonergic,li2025 1,False,True,True,True,True,included_in_review
40975318,10.1016/j.pbb.2025.174100,2025,Gatch MB et al.,Locomotor stimulant and drug discrimination effects of five synthetic cathinones in rodents.,"Pharmacology, biochemistry, and behavior",Unclassified/possible false positive,gatch2025,False,False,False,False,False,excluded_classifier_false_positive
40984017,10.1177/02698811251368361,2025,Bruno V et al.,High dose of psilocybin induces acute behavioral changes without inducing conditioned place preference in Sprague-Dawley rats.,"Journal of psychopharmacology (Oxford, England)",Psilocybin/Psilocin,bruno2025b,False,True,False,False,False,in_corpus_no_animal_dose
40989037,10.3389/fnins.2025.1664442,2025,Bonilla P et al.,"Correction: Effects of chronic light cycle disruption during adolescence on circadian clock, neuronal activity rhythms, and behavior in mice.",Frontiers in neuroscience,Unclassified/possible false positive,bonilla2024b,False,True,False,False,False,in_corpus_no_animal_dose
40997862,10.1021/acs.jmedchem.5c01855,2025,Fenske TG et al.,Discovery of Highly Selective 5-HT2A Agonists Using Structure-Guided Design.,Journal of medicinal chemistry,Other serotonergic,fenske2025,False,False,False,False,False,excluded_classifier_off_topic
41016016,10.1021/acschemneuro.5c00384,2025,Hatzipantelis CJ et al.,Indolethylamine N-Methyltransferase Deletion Impacts Mouse Behavior without Disrupting Endogenous Psychedelic Tryptamine Production.,ACS chemical neuroscience,Other serotonergic; Psychedelic (general),hatzipantelis2025,False,True,True,True,True,included_in_review
41017560,10.1097/FBP.0000000000000856,2025,Inan S et al.,Psilocybin inhibits formalin-induced nociception through 5-hydroxytryptamine 2A receptor in rats.,Behavioural pharmacology,Psilocybin/Psilocin,inan2025,False,False,False,False,False,pdf_unavailable_relevant
41021139,10.1007/s11064-025-04562-0,2025,Kandhwal M et al.,"Hesperidin Attenuates Chronic Stress-Induced Depression via 5-HT2A-Linked Modulation of Neurochemical, Oxidative, and Inflammatory Pathways: Experimental and In",Neurochemical research,Other serotonergic,kandhwal2025,False,True,True,True,True,included_in_review
41027992,10.1038/s41467-025-64371-5,2025,Hatzipantelis CJ et al.,Psilocybin during the postpartum period induces long-lasting adverse effects in both mothers and offspring.,Nature communications,Psilocybin/Psilocin,hatzipantelis2025b,False,True,False,False,False,in_corpus_no_animal_dose
41039182,10.1038/s41593-025-02068-0,2025,Hammo A et al.,Single-dose psilocybin rapidly and sustainably relieves allodynia and anxiodepressive-like behaviors in mouse models of chronic pain.,Nature neuroscience,Psilocybin/Psilocin,hammo2025,False,True,True,True,True,included_in_review
41057132,10.1016/j.neuroscience.2025.10.001,2025,Eliasen JN et al.,The psychoactive compound ibogaine sex-dependently alters the firing rate and afterhyperpolarization of Ih-negative neurons in the mouse ventral tegmental area.,Neuroscience,Ibogaine,eliasen2025,False,False,False,False,False,excluded_classifier_off_topic
41077262,10.1016/j.pnpbp.2025.111522,2025,Richardson B et al.,Differential effects of psilocybin and lisuride on serotonin and dopamine neuronal activity and behavior.,Progress in neuro-psychopharmacology & biological psychiatry,Psilocybin/Psilocin,richardson2025,False,False,False,False,False,excluded_classifier_off_topic
41078264,10.1021/acschemneuro.5c00667,2025,Agrawal R et al.,"Zalsupindole is a Nondissociative, Nonhallucinogenic Neuroplastogen with Therapeutic Effects Comparable to Ketamine and Psychedelics.",ACS chemical neuroscience,Ketamine; Psychedelic (general),agrawal2025,False,True,True,True,True,included_in_review
41083844,10.1038/s41593-025-02069-z,2025,Padawer-Curry JA et al.,Psychedelic 5-HT2A receptor agonism alters neurovascular coupling and differentially affects neuronal and hemodynamic measures of brain function.,Nature neuroscience,Other serotonergic; Psychedelic (general),padawercurry2025,False,False,False,False,False,excluded_classifier_off_topic
41087124,10.1021/acs.jmedchem.5c02045,2025,Li R et al.,Structure-Guided Design of Novel 5-HT2A Partial Agonists as Psychedelic Analogues with Antidepressant Effects.,Journal of medicinal chemistry,Other serotonergic; Psychedelic (general),li2025,False,True,True,True,True,included_in_review
41120735,10.1038/s41380-025-03308-2,2026,Puigseslloses P et al.,"Neuropharmacology of halogenated DMT analogs: psychoplastogenic and antidepressant properties of 5-Br-DMT, a psychedelic derivative with low hallucinogenic pote",Molecular psychiatry,DMT; Psychedelic (general),puigseslloses2024b,False,True,False,False,False,in_corpus_no_animal_dose
41135363,10.1016/j.molpha.2025.100075,2025,Miranda-Azpiazu P et al.,Distinctive patterns of G protein coupling induced by the structurally similar 5-HT2A receptor ligands ketanserin and altanserin in human prefrontal cortex.,Molecular pharmacology,Other serotonergic,mirandaazpiazu2025,False,False,False,False,False,excluded_classifier_off_topic
41145210,10.1523/ENEURO.0047-25.2025,2025,Anderson TL et al.,Psychedelics Reverse the Polarity of Long-Term Synaptic Plasticity in Cortical-Projecting Claustrum Neurons.,eNeuro,Psychedelic (general),anderson2025,False,True,True,False,True,excluded_no_behaviour_in_full_text
41168399,10.1007/s00213-025-06946-0,2025,Bruno V et al.,Ayahuasca prevents the reinstatement of cocaine-induced rewarding effects in C57Bl/6 mice.,Psychopharmacology,Ayahuasca,bruno2025,False,True,True,True,True,included_in_review
41172953,10.1016/j.biopha.2025.118720,2025,García-Cabrerizo R et al.,Psilocybin as a fast-acting and long-lasting antidepressant for adolescence: Proposing NeuroD1 as a biomarker of its long-term plasticity.,Biomedicine & pharmacotherapy = Biomedecine & pharmacotherap,Psilocybin/Psilocin,garcía-cabrerizo2025,False,True,True,True,True,included_in_review
41193674,10.1038/s41380-025-03329-x,2026,Allen J et al.,Psilocybin mitigates chronic behavioral and neurobiological alterations in a rat model of recurrent intimate partner violence-related brain injury.,Molecular psychiatry,Psilocybin/Psilocin,allen2026,False,True,True,True,True,included_in_review
41198613,10.1038/s41398-025-03729-1,2025,Fadahunsi N et al.,Correction: Acute and long-term effects of psilocybin on energy balance and feeding behavior in mice.,Translational psychiatry,Psilocybin/Psilocin,fadahunsi2025,False,False,False,False,False,excluded_classifier_off_topic
41205735,10.1016/j.pnpbp.2025.111558,2025,Tiwari P & Vaidya VA,Acute DOI treatment evokes dose and species-dependent locomotor effects on the elevated plus maze.,Progress in neuro-psychopharmacology & biological psychiatry,"DOI (2,5-dimethoxy-4-iodoamphetamine)",tiwari2025,False,True,True,True,True,included_in_review
41213805,10.1523/JNEUROSCI.0652-25.2025,2025,Magee SN et al.,The Psychedelic Psilocin Suppresses Activity of Central Amygdala Corticotropin-Releasing Factor Receptor 1 Neurons and Decreases Ethanol Drinking in Female Mice,The Journal of neuroscience : the official journal of the So,Psilocybin/Psilocin; Psychedelic (general),magee2025,False,True,True,True,True,included_in_review
41224969,10.1038/s41386-025-02272-3,2026,Kramer HM et al.,Psychedelics produce enduring behavioral effects and functional plasticity through mechanisms independent of structural plasticity.,Neuropsychopharmacology : official publication of the Americ,Psychedelic (general),kramer2026,False,True,True,True,True,included_in_review
41230771,10.1039/d5fo90103k,2025,Tian P et al.,Expression of concern: Ingestion of Bifidobacterium longum subspecies infantis strain CCFM687 regulated emotional behavior and the central BDNF pathway in chron,Food & function,Unclassified/possible false positive,tian2025,False,False,False,False,False,excluded_classifier_false_positive
41238841,10.1038/s41380-025-03341-1,2026,Nadal-Gratacós N et al.,"The psychedelic phenethylamine 25C-NBF, a selective 5-HT2A agonist, shows psychoplastogenic properties and rapid antidepressant effects in male rodents.",Molecular psychiatry,Other serotonergic; Psychedelic (general),nadalgratacs2026,False,False,False,False,False,excluded_classifier_off_topic
41240075,10.1007/s00213-025-06964-y,2025,Ciccocioppo E et al.,(R)-Ketamine reduces alcohol intake and alcohol seeking induced by reconsolidation of alcohol-related memories in female Marchigian Sardinian alcohol-preferring,Psychopharmacology,Ketamine,ciccocioppo2025,False,False,False,False,False,excluded_classifier_off_topic
41240076,10.1007/s00213-025-06879-8,2026,Baumann MH et al.,"Pharmacodynamic effects and plasma pharmacokinetics of N, N-dimethyltryptamine after intranasal versus subcutaneous administration in male rats.",Psychopharmacology,DMT,baumann2026,False,False,False,False,False,excluded_classifier_off_topic
41244305,10.1021/acsptsci.5c00462,2025,Razidlo J et al.,"Psilocybin Enhances Cued Fear Extinction and Extinction Recall in Stress-Naïve, Acutely Stressed, and Chronically Stressed Mice.",ACS pharmacology & translational science,Psilocybin/Psilocin,razidlo2025,False,True,True,True,True,included_in_review
41256514,10.1101/2025.09.30.677638,2025,Courtney Y et al.,Gestational psychedelic exposure disrupts brain development and offspring behavior in mice.,bioRxiv : the preprint server for biology,Psychedelic (general),courtney2026,False,True,True,True,True,included_in_review
41256935,10.3389/fpsyt.2025.1733302,2025,Zoldi A et al.,Correction: Behavioral characterization of triple-hit schizophrenia-like Lisket rats derived from the Long Evans strain through acute and chronic behavioral tes,Frontiers in psychiatry,Unclassified/possible false positive,zoldi2025,False,False,False,False,False,excluded_classifier_false_positive
41266307,10.1038/s41467-025-64887-w,2025,Jaster AM et al.,Sex-specific role of the 5-HT2A receptor in psilocybin-induced extinction of opioid reward.,Nature communications,Psilocybin/Psilocin; Other serotonergic,jaster2025,False,False,False,False,False,pdf_unavailable_relevant
41276415,10.1002/npr2.70075,2025,Kato H et al.,Possible Involvement of Hallucinogenic Effects in the Aversive Effects Induced by Kappa-Opioid and 5-HT2A /2C Receptor Agonists in Mice.,Neuropsychopharmacology reports,Other serotonergic; Psychedelic (general),kato2025,False,True,True,True,True,included_in_review
41276481,10.1111/bph.70226,2026,Wang T et al.,"3,4-Methylenedioxymethamphetamine (MDMA) does not induce robust psychomotor activation and 50-kHz ultrasonic vocalisations in tryptophan hydroxylase 2 (Tph2)-de",British journal of pharmacology,MDMA,wang2025e,False,True,False,False,False,in_corpus_no_animal_dose
41279879,10.1101/2025.10.14.682230,2025,Skyberg RJ et al.,The impact of the serotonergic psychedelic DOI on active vision in freely moving mice.,bioRxiv : the preprint server for biology,Psychedelic (general),skyberg2025,False,True,True,True,True,included_in_review
41280125,10.1101/2025.10.12.681880,2025,Kolbman N et al.,Intravenous Administration of Serotonergic Psychedelics Produce Short-lasting Changes in Sleep-Wake Behavior and High Gamma Functional Connectivity in Rats.,bioRxiv : the preprint server for biology,Psychedelic (general),kolbman2023b,False,True,False,False,False,in_corpus_no_animal_dose
41288886,10.1007/s11011-025-01728-1,2025,Zhao Q et al.,Elucidating the material basis and therapeutic mechanisms of Shaoma Zhijing granules for tourette syndrome by UPLC/Q-TOF-MS and multiple models.,Metabolic brain disease,Unclassified/possible false positive,zhao2024b,False,True,False,False,False,in_corpus_no_animal_dose
41290975,10.1038/s41598-025-29642-7,2025,Domżalska M et al.,"A comparative assessment of the antidepressant efficacy of ketamine, psilocybin, and fluoxetine in a chronic stress model.",Scientific reports,Psilocybin/Psilocin; Ketamine,domżalska2025,False,True,True,True,True,included_in_review
41298885,10.1038/s41684-025-01663-9,2025,Ferreira J,Psilocybin reduces comorbid chronic pain and depression in mice.,Lab animal,Psilocybin/Psilocin,ferreira2025b,False,True,False,False,False,in_corpus_no_animal_dose
41352354,10.1016/j.cell.2025.11.009,2026,Jiang Q et al.,Psilocybin triggers an activity-dependent rewiring of large-scale cortical networks.,Cell,Psilocybin/Psilocin,jiang2026,False,False,False,False,False,excluded_classifier_off_topic
41354250,10.1016/j.pbb.2025.174135,2026,Palacios-Lagunas DA et al.,"The 3,4-methylenedioxymethamphetamine (MDMA) reduces prosocial behavior in the social preference test in male and female rats.","Pharmacology, biochemistry, and behavior",MDMA,palacioslagunas2026,False,False,False,False,False,excluded_compound_filter_MDMA
41357866,10.3389/fphar.2025.1703480,2025,Kolaczynska KE et al.,"Receptor interaction profiles of 4-alkoxy-2,6-dimethoxyphenethylamines (Ψ derivatives) and related amphetamines.",Frontiers in pharmacology,Other serotonergic,kolaczynska2025,False,False,False,False,False,excluded_classifier_off_topic
41359995,10.1021/acschemneuro.5c00468,2025,Silverman JM et al.,Dual Modulation of 5-HT2A Receptors and SERT by α-Ethyltryptamine and Its Optical Isomers.,ACS chemical neuroscience,Other serotonergic,silverman2025,False,False,False,False,False,excluded_classifier_off_topic
41360373,10.1016/j.jad.2025.120836,2026,Teopiz KM et al.,The effect of dextromethorphan on reward-related behaviors: A systematic review of preclinical and clinical evidence.,Journal of affective disorders,Unclassified/possible false positive,teopiz2026,False,False,False,False,False,excluded_classifier_false_positive
41365493,10.1111/ejn.70351,2025,Kleditzsch N et al.,Acute Blockade of the Serotonin Transporter With Low Doses of Escitalopram Does Not Alter the Behavioural Responses to Acute Psilocybin.,The European journal of neuroscience,Psilocybin/Psilocin,kleditzsch2025,False,True,True,True,True,included_in_review
41371219,10.1016/j.cub.2025.11.031,2026,Cook SG et al.,Psilocybin induces sex- and context-specific recruitment of the stress axis.,Current biology : CB,Psilocybin/Psilocin,cook2026,False,False,False,False,False,excluded_classifier_off_topic
41383183,10.12659/MSM.952405,2025,Shen Z et al.,Retracted: Avicularin Relieves Depressive-Like Behaviors Induced by Chronic Unpredictable Mild Stress in Mice.,Medical science monitor : international medical journal of e,Unclassified/possible false positive,shen2025,False,False,False,False,False,excluded_classifier_false_positive
41411685,10.1016/j.euroneuro.2025.11.009,2026,Werle I et al.,Ayahuasca modulation of traumatic-like fear memories requires infralimbic cortex BDNF-dependent mechanisms in rats.,European neuropsychopharmacology : the journal of the Europe,Ayahuasca,werle2024b,False,True,False,False,False,in_corpus_no_animal_dose
41419333,10.1523/JNEUROSCI.0742-24.2025,2026,Glynos NG et al.,"Neurochemical and Neurophysiological Effects of Intravenous Administration of N,N-Dimethyltryptamine in Rats.",The Journal of neuroscience : the official journal of the So,DMT,glynos2026,False,True,True,True,True,included_in_review
41421898,10.1016/j.ejphar.2025.178493,2026,Li Y et al.,"Corrigendum to ""AdipoRon ameliorates anxiety- and depression-like behaviors in chronic restraint-stressed mice via AMPK-PPARα-BDNF-TrkB signaling"" [Eur. J. Phar",European journal of pharmacology,Unclassified/possible false positive,li2025c,False,True,False,False,False,in_corpus_no_animal_dose
41422160,10.1038/s41380-025-03387-1,2025,Fleury S & Nautiyal KM,The serotonin 1B receptor is required for some of the behavioral effects of psilocybin in mice.,Molecular psychiatry,Psilocybin/Psilocin,fleury2026,False,True,True,True,True,included_in_review
41426195,10.1016/j.mbplus.2025.100176,2025,Zimmermann EA et al.,"Corrigendum to ""Tissue material properties, whole-bone morphology and mechanical behavior in the Fbn1 C1041G/+ mouse model of Marfan Syndrome"" [Matrix Biol. Plu",Matrix biology plus,Unclassified/possible false positive,zimmermann2025,False,False,False,False,False,excluded_classifier_false_positive
41431632,10.34172/ahj.1578,2025,Kamali M et al.,"Artemisia absinthium L. (Wormwood) Extract Effect on 3,4-Methylenedioxymethamphetamine Withdrawal in Rats: An Animal Study.",Addiction & health,MDMA,kamali2025,False,False,False,False,False,excluded_compound_filter_MDMA
41446874,10.34133/research.0987,2025,Li SJ et al.,Structural Pharmacology of Bufotenine Derivatives in Activating the 5-HT1A Receptor for Therapeutic Potential in Depression and Anxiety.,"Research (Washington, D.C.)",Unclassified/possible false positive,li2025e,False,True,False,False,False,in_corpus_no_animal_dose
41475502,10.1016/j.phrs.2025.108080,2026,Colognesi M et al.,"Low, non-psychedelic doses of psilocybin as a novel treatment for MASLD, obesity and type 2 diabetes via 5-HT2B receptor-dependent mechanisms.",Pharmacological research,Psilocybin/Psilocin; Psychedelic (general),colognesi2026,False,True,True,True,True,included_in_review
41481361,10.1021/acschemneuro.5c00932,2026,de la Fuente Revenga M & González-Maeso J,Snapshot IP1 Detection Following 5-HT2A Receptor Stimulation in the Mouse Brain.,ACS chemical neuroscience,Other serotonergic,delafuenterevenga2026,False,False,False,False,False,excluded_classifier_off_topic
41485616,10.1016/j.brainres.2025.150142,2026,Rabinovitch BS et al.,Lysergic acid diethylamide modulates hippocampal and cortical local field potential oscillatory rhythms in male mice.,Brain research,LSD,rabinovitch2026,False,False,False,False,False,excluded_classifier_off_topic
41486340,10.1007/s43440-025-00817-3,2026,Kościuk Z et al.,The effect of psilocin on neurotransmitters release in the claustrum and on rat behavior.,Pharmacological reports : PR,Psilocybin/Psilocin,kościuk2026,False,True,True,True,True,included_in_review
41491717,10.1038/s42003-025-09412-x,2026,Bréant BJB et al.,Vigilance state dissociation induced by 5-MeO-DMT in mice.,Communications biology,DMT; 5-MeO-DMT,bréant2026,False,True,True,True,True,included_in_review
41493065,10.1177/02698811251395386,2026,Maltby CJ et al.,"An exploration of the relationships between the effects of psilocybin on behavior, 5-HT2A receptor occupancy, and neuroplastic effects in mice.","Journal of psychopharmacology (Oxford, England)",Psilocybin/Psilocin; Other serotonergic,maltby2026,False,True,True,True,True,included_in_review
41493772,10.1021/acschemneuro.5c00707,2026,Salfiti M et al.,Zalsupindole: A Non-Hallucinogenic Psychoplastogen Advancing Psychedelic-Inspired Therapeutics.,ACS chemical neuroscience,Psychedelic (general),salfiti2026,False,False,False,False,False,excluded_classifier_off_topic
41493855,10.1002/jnr.70107,2026,Moghadam H et al.,"The Effect of Magic Mushroom (Psilocybe azurescens) on Social Interaction, Anxiety- and Depressive-Like Behaviors in Male Rats; the Role of Neuroinflammation, O",Journal of neuroscience research,Psilocybin/Psilocin,moghadam2026,False,True,True,True,True,included_in_review
41519460,10.1016/j.tox.2026.154402,2026,Wagmann L et al.,"In vivo and in vitro toxicokinetics including metabolism, isozyme mapping, and monoamine oxidase inhibition of three (2-aminopropyl)benzo[b]thiophene (APBT) psy",Toxicology,Psychedelic (general),wagmann2026,False,False,False,False,False,excluded_classifier_off_topic
41543988,10.1159/000549838,2026,Unknown,Erratum.,Developmental neuroscience,Unclassified/possible false positive,unknown2026,False,False,False,False,False,excluded_classifier_false_positive
41557251,10.1007/s43440-026-00824-y,2026,Olejnik P et al.,Effects of psilocybin and chronic mild stress on microglial activation in rat spinal cord: an ex vivo analysis.,Pharmacological reports : PR,Psilocybin/Psilocin,olejnik2026,False,False,False,False,False,excluded_classifier_off_topic
41561176,10.3389/fnut.2025.1761855,2025,Tang CF et al.,Correction: Danggui Shaoyao San attenuates depressive-like behaviors in mice via TLR4/NF-κB p65/JAK-STAT3/AKT-GSK3β signaling pathways: modulation of hippocampa,Frontiers in nutrition,Unclassified/possible false positive,tang2023b,False,True,False,False,False,in_corpus_no_animal_dose
41565674,10.1038/s41467-026-68763-z,2026,Gregory NS et al.,No evidence of immediate or persistent analgesic effect from a single dose of psilocybin in three mouse models of pain.,Nature communications,Psilocybin/Psilocin,gregory2026,False,True,True,True,True,included_in_review
41577180,10.1016/j.neuropharm.2026.110854,2026,Domi A et al.,Psilocin mediates long-term synaptic depression in the prelimbic cortex through 5-HT2A receptor-independent mechanisms.,Neuropharmacology,Psilocybin/Psilocin; Other serotonergic,domi2026,False,False,False,False,False,excluded_classifier_off_topic
41605889,10.1038/s41398-026-03852-7,2026,Lima da Cruz RV et al.,Single-dose DMT reverses anhedonia and cognitive deficits via restoration of neurogenesis in a stress-induced depression model.,Translational psychiatry,DMT,lima da cruz2026,False,True,True,True,True,included_in_review
41606342,10.1038/s41586-025-10061-7,2026,Xu Z et al.,Psychedelics elicit their effects by 5-HT2A receptor-mediated Gi signalling.,Nature,Other serotonergic; Psychedelic (general),xu2026,False,False,False,False,False,excluded_classifier_off_topic
41620327,10.1016/j.neurot.2026.e00841,2026,Huang Z et al.,Single-dose psilocybin promotes cell-type-specific changes of neurons in the orbitofrontal cortex.,Neurotherapeutics : the journal of the American Society for ,Psilocybin/Psilocin,huang2026,False,False,False,False,False,excluded_classifier_off_topic
41644029,10.1016/j.biopsych.2026.01.016,2026,Bostancıklıoğlu M et al.,MDMA and Psilocybin Regulate Oligodendrocyte-Lineage Cell Numbers and Anxiety-Like Behaviors in a Rat Model of Fear.,Biological psychiatry,MDMA; Psilocybin/Psilocin,bostancıklıoğlu2026,False,True,True,True,True,included_in_review
41680332,10.1038/s41380-026-03488-5,2026,Fleury S & Nautiyal KM,Correction: The serotonin 1B receptor is required for some of the behavioral effects of psilocybin in mice.,Molecular psychiatry,Psilocybin/Psilocin,fleury2026b,False,True,False,False,False,in_corpus_no_animal_dose
41683609,10.3390/ijms27031181,2026,Gorberg V et al.,The Effect of SERM/CB2 Receptor Modulators on Repetitive Behaviours in Juvenile and Young Adult Mice May Have Implications for Tourette Syndrome Treatment.,International journal of molecular sciences,Unclassified/possible false positive,gorberg2026,False,False,False,False,False,excluded_classifier_false_positive
41688761,10.1038/s41386-026-02361-x,2026,Ascone F et al.,Psilocybin improves novel object recognition in a rat model of Fragile X Syndrome through the modulation of the BDNF/TrkB signaling pathway.,Neuropsychopharmacology : official publication of the Americ,Psilocybin/Psilocin,ascone2026,False,True,True,True,True,included_in_review
41700478,10.1039/d6fo90015a,2026,Tian P et al.,Ingestion of Bifidobacterium longum subspecies infantis strain CCFM687 regulated emotional behavior and the central BDNF pathway in chronic stress-induced depre,Food & function,Unclassified/possible false positive,tian2026,False,False,False,False,False,excluded_classifier_false_positive
41708994,10.1038/s41386-026-02356-8,2026,Sahoo I et al.,"Sex-dependent developmental changes in behavior, brain structure, functional connectivity, and sensory perception following exposure to psilocybin during adoles",Neuropsychopharmacology : official publication of the Americ,Psilocybin/Psilocin,sahoo2026,False,True,True,True,True,included_in_review
41716656,10.3389/fnins.2026.1787833,2026,Unknown,Retraction: Acute psilocybin increased cortical activities in rats.,Frontiers in neuroscience,Psilocybin/Psilocin,unknown2026,False,False,False,False,False,excluded_classifier_off_topic
41716660,10.3389/fnins.2026.1593703,2026,Liu J et al.,Acute psilocin increased cortical activity in rat.,Frontiers in neuroscience,Psilocybin/Psilocin,liu2026,False,False,False,False,False,excluded_classifier_off_topic
41756488,10.3389/fpsyg.2026.1779055,2026,Habelt B,The potential of event-related beta oscillations as biomarkers for neuromodulatory treatment efficacy.,Frontiers in psychology,Unclassified/possible false positive,habelt2024b,False,True,False,False,False,in_corpus_no_animal_dose
41759698,10.1016/j.brainres.2026.150237,2026,Zhang B et al.,Role of ventrolateral orbital cortex 5-HT2A receptors in formalin-induced secondary mechanical allodynia and hyperalgesia.,Brain research,Other serotonergic,zhang2026,False,True,True,True,True,included_in_review
41761564,10.1111/bph.70307,2026,Wang Y et al.,5-HT2A receptors in the prelimbic cortex VIP-expressing interneurons: A mechanism for psychedelic-induced innate fear attenuation.,British journal of pharmacology,Other serotonergic; Psychedelic (general),wang2025f,False,True,False,False,False,in_corpus_no_animal_dose
41775927,10.1007/s00213-026-07010-1,2026,Mac AM et al.,"A repeated low-dose regimen of MDMA has transient next-day effects on locomotor activity, anxiety-like behavior, and brain serotonin levels, with no effect on a",Psychopharmacology,MDMA,mac2026,False,False,False,False,False,excluded_compound_filter_MDMA
41779518,10.1152/jn.00519.2025,2026,Griškova-Bulanova I et al.,Serotonergic modulation of cortical gamma synchronization: right-lateralized psilocin effects on 40 Hz auditory steady-state responses in rats.,Journal of neurophysiology,Psilocybin/Psilocin,grikovabulanova2026,False,False,False,False,False,excluded_classifier_off_topic
41780506,10.1111/adb.70111,2026,Koutrouli IRA et al.,Psilocybin and Ibogaine in Cocaine-Seeking: Extinction Enhancement Without Relapse Prevention.,Addiction biology,Ibogaine; Psilocybin/Psilocin,koutrouli2026,False,True,True,True,True,included_in_review
41787845,10.1111/adb.70132,2026,Salinsky LM et al.,"Fentanyl, Methamphetamine and Polysubstance Use Differentially Affect Locomotor Sensitisation and Social Behaviour in Rats: Psychedelic Treatment Reverses Socia",Addiction biology,Psychedelic (general),salinsky2025b,False,True,False,False,False,in_corpus_no_animal_dose
41789300,10.1021/acsptsci.5c00202,2025,Effinger DP et al.,Assessing the Potential Cardiovascular Risk of Microdosing the Psychedelic LSD in Mice.,ACS pharmacology & translational science,LSD; Psychedelic (general),effinger2024b,False,True,False,False,False,in_corpus_no_animal_dose
41796937,10.1016/j.neuropharm.2026.110886,2026,Cavallaro N et al.,Beyond the toad's kiss: Mapping acute 5-MeO-DMT effects on brain connectivity across sex and dose using awake rat neuroimaging.,Neuropharmacology,DMT; 5-MeO-DMT,cavallaro2026,False,False,False,False,False,excluded_classifier_off_topic
41798016,10.3389/fpsyg.2026.1807328,2026,Benachour A et al.,Correction: Mouse-tracking as a tool for investigating strategic behavior in Public Goods Game: an experimental pilot study.,Frontiers in psychology,Unclassified/possible false positive,benachour2026,False,False,False,False,False,excluded_classifier_false_positive
41835146,10.3389/fphys.2026.1765993,2026,González-González S et al.,Correction: Maternal exposure to dim light at night induces behavioral alterations in the adolescent and adult offspring Wistar rat.,Frontiers in physiology,Unclassified/possible false positive,gonzlezgonzlez2026,False,False,False,False,False,excluded_classifier_false_positive
41852641,10.1021/acsptsci.5c00484,2026,Wood BJ et al.,Differential Effects of Acute and Chronic Fluoxetine on Psychedelic-Induced Behavior in Mice: Implications for Clinical Trials.,ACS pharmacology & translational science,Psychedelic (general),wood2026,False,True,True,True,True,included_in_review
41867764,10.64898/2026.03.06.710094,2026,Geva N et al.,MDMA enhances prefrontal plasticity and representational drift during fear extinction.,bioRxiv : the preprint server for biology,MDMA,geva2026,False,False,False,False,False,excluded_compound_filter_MDMA
41872747,10.1186/s12868-026-01003-8,2026,Fiorillo M & González-Maeso J,Pretreatment with the psychedelic DOI mitigates LPS-induced hippocampal inflammation and behavioral impairments in mice.,BMC neuroscience,Psychedelic (general),fiorillo2026,False,True,True,True,True,included_in_review
41881297,10.1016/j.neuropharm.2026.110947,2026,de Sousa-Silva AN et al.,"N,N-dimethyltryptamine elicits antidepressant and anxiolytic effects in helpless mice: a comparative study with S-ketamine.",Neuropharmacology,DMT; Ketamine,de sousa-silva2026,False,True,True,True,True,included_in_review
41896597,10.1038/s41598-026-45121-z,2026,Gianmauro P et al.,Neuroimaging insights from Wistar-Kyoto rats under chronic mild stress: morphological and metabolic brain correlates of treatment-resistant depression.,Scientific reports,Unclassified/possible false positive,gianmauro2026,False,False,False,False,False,excluded_classifier_false_positive
,,,,,,(not in PubMed search),chen2020,,True,True,False,False,manually_added_to_corpus
,,,,,,(not in PubMed search),inserra2023,,True,True,True,True,manually_added_to_corpus
,,,,,,(not in PubMed search),jones2020,,True,True,True,True,manually_added_to_corpus
,,,,,,(not in PubMed search),kimmey2022,,True,True,True,True,manually_added_to_corpus
,,,,,,(not in PubMed search),morales-garcia2020,,True,True,True,True,manually_added_to_corpus
,,,,,,(not in PubMed search),odland20211,,True,True,True,True,manually_added_to_corpus
,,,,,,(not in PubMed search),qu2023,,True,True,True,True,manually_added_to_corpus
,,,,,,(not in PubMed search),raithatha2024,,True,True,True,True,manually_added_to_corpus
,,,,,,(not in PubMed search),tiwari2024,,True,True,True,True,manually_added_to_corpus
,,,,,,(not in PubMed search),vargas2023,,True,True,True,True,manually_added_to_corpus
,,,,,,(not in PubMed search),wallach2023,,True,True,True,True,manually_added_to_corpus
